DVM,SapToOracle_CcPfObj_Lookup,"Mapping of Sap Cost Center to Oracle Cost Center, Portfolio. Objective",
SapCostCenter,OracleCostCenter,Portfolio,Objective
DQ02,DQ02,109,ZZZ999
DQ03,DQ03,109,ZZZ999
JX09,JX09,109,ZZZ999
KA01,KA91,047,AS0002
KA13,KA83,062,AS0005
KA31,KA91,047,AS0002
KA33,KA83,062,AS0002
KA41,KA91,047,AS0003
KA43,KA83,062,AS0003
KA51,KA91,047,AS0003
KA52,KA62,052,AS0003
KA53,KA83,062,AS0003
KA61,KA91,047,AS0001
KA62,KA62,052,AS0001
KA63,KA83,062,AS0001
KA71,KA91,047,AS0001
KA72,KA62,052,AS0001
KA81,KA91,047,AS0001
KA83,KA83,062,AS0001
KA91,KA91,047,AS0002
KA92,KA62,052,AS0002
KA93,KA83,062,AS0002
KAY1,KAY1,047,ZZZ999
KC00,KC00,078,ZZZ999
KD01,KD91,047,AS0002
KD22,KD22,052,ZZZ999
KD31,KD91,047,AS0002
KD41,KD91,047,AS0003
KD42,KD72,052,AS0003
KD51,KD91,047,AS0003
KD52,KD72,052,AS0003
KD53,KD83,062,AS0003
KD62,KD72,052,AS0001
KD63,KD83,062,AS0001
KD71,KD91,047,AS0001
KD72,KD72,052,AS0001
KD83,KD83,062,AS0001
KD91,KD91,047,AS0002
KD92,KD72,052,AS0002
KD93,KD83,062,AS0002
KDY1,KDY1,047,ZZZ999
KG01,KG91,048,AS0002
KG03,KG83,062,AS0002
KG22,KG22,056,ZZZ999
KG23,KG83,062,AS0007
KG31,KG91,048,AS0002
KG41,KG91,048,AS0003
KG51,KG91,048,AS0003
KG52,KG62,053,AS0003
KG61,KG91,048,AS0001
KG62,KG62,053,AS0001
KG63,KG83,062,AS0001
KG71,KG91,048,AS0001
KG72,KG62,053,AS0001
KG73,KG83,062,AS0001
KG81,KG91,048,AS0001
KG83,KG83,062,AS0001
KG91,KG91,048,AS0002
KG92,KG62,053,AS0002
KG93,KG83,062,AS0002
KGY1,KGY1,046,ZZZ999
KH02,KH02,056,ZZZ999
KH12,KH12,070,ZZZ999
KH13,KH13,064,ZZZ999
KI01,KI91,048,AS0002
KI03,KI83,063,AS0002
KI21,KI91,048,AS0002
KI30,KI91,048,AS0002
KI31,KI91,048,AS0002
KI33,KI83,063,AS0002
KI41,KI91,048,AS0003
KI42,KI62,053,AS0003
KI43,KI83,063,AS0003
KI51,KI91,048,AS0003
KI52,KI62,053,AS0003
KI53,KI83,063,AS0003
KI61,KI91,048,AS0001
KI62,KI62,053,AS0001
KI63,KI83,063,AS0001
KI71,KI91,048,AS0001
KI72,KI62,053,AS0001
KI73,KI83,063,AS0001
KI81,KI91,048,AS0001
KI83,KI83,063,AS0001
KI91,KI91,048,AS0002
KI92,KI62,053,AS0002
KI93,KI83,063,AS0002
KIY1,KIY1,048,ZZZ999
KK22,KK22,055,ZZZ999
KL01,KL91,047,AS0002
KL02,KL62,052,AS0002
KL03,KL83,062,AS0002
KL22,KL22,052,ZZZ999
KL31,KL91,047,AS0002
KL32,KL62,052,AS0002
KL33,KL83,062,AS0002
KL41,KL91,047,AS0003
KL42,KL62,052,AS0003
KL43,KL83,062,AS0003
KL51,KL91,047,AS0003
KL52,KL62,052,AS0003
KL53,KL83,062,AS0003
KL61,KL91,047,AS0001
KL62,KL62,052,AS0001
KL63,KL83,062,AS0001
KL71,KL91,047,AS0001
KL72,KL62,052,AS0001
KL73,KL83,062,AS0001
KL81,KL91,047,AS0001
KL82,KL62,052,AS0001
KL83,KL83,062,AS0001
KL91,KL91,047,AS0002
KL92,KL62,052,AS0002
KL93,KL83,062,AS0002
KLY1,KLY1,047,ZZZ999
KN01,KN91,045,AS0002
KN03,KN83,060,AS0002
KN31,KN91,045,AS0002
KN33,KN83,060,AS0002
KN41,KN91,045,AS0003
KN43,KN83,060,AS0003
KN51,KN91,045,AS0003
KN52,KN62,050,AS0003
KN53,KN83,060,AS0003
KN61,KN91,045,AS0001
KN62,KN62,050,AS0001
KN63,KN83,060,AS0001
KN71,KN91,045,AS0001
KN72,KN62,050,AS0001
KN73,KN83,060,AS0001
KN81,KN91,045,AS0001
KN83,KN83,060,AS0001
KN91,KN91,045,AS0002
KN92,KN62,050,AS0002
KN93,KN83,060,AS0002
KNY1,KNY1,045,ZZZ999
KP11,KP11,057,ZZZ999
KP13,KP13,065,ZZZ999
KP31,KP31,070,ZZZ999
KP53,KP53,065,ZZZ999
KP63,KP13,065,ZZZ999
KP72,KP72,043,ZZZ999
KP73,KP13,065,ZZZ999
KP83,KP13,065,ZZZ999
KP91,KP13,065,ZZZ999
KP93,KP13,065,ZZZ999
KR01,KR91,046,AS0002
KR02,KR02,051,AS0002
KR03,KR83,061,AS0002
KR12,KR12,051,AS0004
KR13,KR83,061,AS0004
KR22,KR62,051,As0006
KR29,KR29,051,ZZZ999
KR31,KR91,046,AS0002
KR33,KR83,061,AS0002
KR39,KR39,052,ZZZ999
KR41,KR91,046,AS0003
KR42,KR62,051,AS0003
KR43,KR83,061,AS0003
KR51,KR91,046,AS0003
KR52,KR62,051,AS0003
KR53,KR83,061,AS0003
KR61,KR91,046,AS0001
KR62,KR62,051,AS0001
KR63,KR83,061,AS0001
KR71,KR91,046,AS0001
KR72,KR62,051,AS0001
KR73,KR83,061,AS0001
KR81,KR91,046,AS0001
KR83,KR83,061,AS0001
KR91,KR91,046,AS0002
KR92,KR62,051,AS0002
KR93,KR83,061,AS0002
KRY1,KRY1,046,ZZZ999
KS09,KP11,057,ZZZ999
KS10,KS10,059,ZZZ999
KS11,KS11,054,ZZZ999
KS12,KS12,058,ZZZ999
KS13,KS13,066,ZZZ999
KV01,KV01,075,ZZZ999
KV02,KS11,054,ZZZ999
KW22,KW22,043,ZZZ999
KW32,KW32,043,ZZZ999
KW45,KW45,043,ZZZ999
KW51,KW51,043,ZZZ999
KW71,KW71,043,ZZZ999
KW92,KW92,043,ZZZ999
KX22,KX22,043,ZZZ999
KX42,KX42,043,ZZZ999
KX52,KX52,043,ZZZ999
KX72,KX72,043,ZZZ999
KX82,KX82,043,ZZZ999
KX91,KX91,043,ZZZ999
KX92,KX92,043,ZZZ999
KX96,KX96,043,ZZZ999
LA01,LA91,041,AS0002
LA31,LA91,041,AS0002
LA33,LA91,041,AS0002
LA41,LA91,041,AS0003
LA43,LA91,041,AS0003
LA51,LA91,041,AS0003
LA53,LA91,041,AS0003
LA61,LA91,041,AS0001
LA63,LA91,041,AS0001
LA71,LA91,041,AS0001
LA73,LA91,041,AS0001
LA81,LA91,041,AS0001
LA83,LA91,041,AS0001
LA91,LA91,041,AS0002
LA93,LA91,041,AS0002
LAY1,LAY1,041,ZZZ999
LD01,LD91,041,AS0002
LD03,LD91,041,AS0002
LD31,LD91,041,AS0002
LD33,LD91,041,AS0002
LD41,LD91,041,AS0003
LD43,LD91,041,AS0003
LD51,LD91,041,AS0003
LD52,LD72,052,AS0003
LD53,LD91,041,AS0003
LD61,LD91,041,AS0001
LD63,LD91,041,AS0001
LD71,LD91,041,AS0001
LD72,LD72,052,AS0001
LD73,LD91,041,AS0001
LD81,LD91,041,AS0001
LD83,LD91,041,AS0001
LD91,LD91,041,AS0002
LD92,LD72,052,AS0002
LD93,LD91,041,AS0002
LDY1,LDY1,041,ZZZ999
LG01,LG91,042,AS0002
LG31,LG91,042,AS0002
LG41,LG91,042,AS0003
LG43,LG91,042,AS0003
LG51,LG91,042,AS0003
LG53,LG91,042,AS0003
LG61,LG91,042,AS0001
LG62,LG62,053,AS0001
LG71,LG91,042,AS0001
LG73,LG91,042,AS0001
LG81,LG91,042,AS0001
LG91,LG91,042,AS0002
LGY1,LGY1,040,ZZZ999
LH21,LH21,069,ZZZ999
LI01,LI91,042,AS0002
LI03,LI91,042,AS0002
LI31,LI91,042,AS0002
LI33,LI91,042,AS0002
LI41,LI91,042,AS0003
LI43,LI91,042,AS0003
LI51,LI91,042,AS0003
LI53,LI91,042,AS0003
LI61,LI91,042,AS0001
LI62,LI62,053,AS0001
LI63,LI91,042,AS0001
LI71,LI91,042,AS0001
LI72,LI62,053,AS0001
LI73,LI91,042,AS0001
LI81,LI91,042,AS0001
LI83,LI91,042,AS0001
LI91,LI91,042,AS0002
LI92,LI62,053,AS0002
LI93,LI91,042,AS0002
LIY1,LIY1,042,ZZZ999
LL01,LL91,041,AS0002
LL02,LL62,052,AS0002
LL03,LL91,041,AS0002
LL31,LL91,041,AS0002
LL33,LL91,041,AS0002
LL41,LL91,041,AS0003
LL42,LL62,052,AS0003
LL43,LL91,041,AS0003
LL51,LL91,041,AS0003
LL52,LL62,052,AS0003
LL53,LL91,041,AS0003
LL61,LL91,041,AS0001
LL62,LL62,052,AS0001
LL63,LL91,041,AS0001
LL71,LL91,041,AS0001
LL72,LL62,052,AS0001
LL73,LL91,041,AS0001
LL81,LL91,041,AS0001
LL82,LL62,052,AS0001
LL83,LL91,041,AS0001
LL91,LL91,041,AS0002
LL92,LL62,052,AS0002
LL93,LL91,041,AS0002
LLY1,LLY1,041,ZZZ999
LN01,LN91,039,AS0002
LN03,LN91,039,AS0002
LN31,LN91,039,AS0002
LN33,LN91,039,AS0002
LN41,LN91,039,AS0003
LN43,LN91,039,AS0003
LN51,LN91,039,AS0003
LN52,LN62,050,AS0003
LN53,LN91,039,AS0003
LN61,LN91,039,AS0001
LN62,LN62,050,AS0001
LN63,LN91,039,AS0001
LN71,LN91,039,AS0001
LN72,LN62,050,AS0001
LN73,LN91,039,AS0001
LN81,LN91,039,AS0001
LN83,LN91,039,AS0001
LN91,LN91,039,AS0002
LN92,LN62,050,AS0002
LN93,LN91,039,AS0002
LNY1,LNY1,039,ZZZ999
LP25,LP25,044,ZZZ999
LP75,LP95,044,ZZZ999
LP95,LP95,044,ZZZ999
LR01,LR91,040,AS0002
LR03,LR91,040,AS0002
LR12,LR12,051,AS0004
LR13,KR83,061,AS0004
LR31,LR91,040,AS0002
LR33,LR91,040,AS0002
LR41,LR91,040,AS0003
LR42,LR62,051,AS0003
LR43,LR91,040,AS0003
LR51,LR91,040,AS0003
LR52,LR62,051,AS0003
LR53,LR91,040,AS0003
LR61,LR91,040,AS0001
LR62,LR62,051,AS0001
LR63,LR91,040,AS0001
LR71,LR91,040,AS0001
LR72,LR62,051,AS0001
LR73,LR91,040,AS0001
LR81,LR91,040,AS0001
LR83,LR91,040,AS0001
LR91,LR91,040,AS0002
LR92,LR62,051,AS0002
LR93,LR91,040,AS0002
LRY1,LRY1,040,ZZZ999
LW53,LW53,043,ZZZ999
LW96,LW96,043,ZZZ999
MA20,MA20,077,ZZZ999
MA52,KA62,052,AS0003
MA92,KA62,052,AS0001
MG13,MG13,076,ZZZ999
MG16,MG16,074,ZZZ999
MG17,MG17,040,ZZZ999
MG18,MG18,041,ZZZ999
MG19,MG19,044,ZZZ999
MG20,MG20,074,ZZZ999
MG21,MG21,074,ZZZ999
MG22,MG22,074,ZZZ999
MG23,MG23,074,ZZZ999
MG29,MG29,080,ZZZ999
MH01,MH01,041,ZZZ999
MJ09,MJ09,068,ZZZ999
MJ10,MJ10,067,ZZZ999
MJ16,MJ16,067,ZZZ999
MJ17,MJ17,067,ZZZ999
MJ21,MJ21,067,ZZZ999
MK34,MK34,074,ZZZ999
MK35,MK35,057,ZZZ999
MP21,MP21,044,ZZZ999
MP22,MP22,065,ZZZ999
MP24,MP24,070,ZZZ999
MP27,MP27,044,ZZZ999
MP29,MP29,070,ZZZ999
MP50,MP50,044,ZZZ999
MS10,MS10,044,ZZZ999
MS13,MS13,080,ZZZ999
MS18,MS18,080,ZZZ999
MS26,MS26,079,ZZZ999
MS28,MS28,079,ZZZ999
MS52,MS52,080,ZZZ999
MS53,MS53,043,ZZZ999
MS60,MS60,070,ZZZ999
MS70,MS70,049,ZZZ999
MS72,MS28,079,ZZZ999
MS91,MG29,080,ZZZ999
MS95,MS95,080,ZZZ999
MS96,MS96,080,ZZZ999
MS97,MS97,080,ZZZ999
MS98,MS98,044,ZZZ999
MX31,MX31,043,ZZZ999
MX41,MX41,043,ZZZ999
MX42,MX42,043,ZZZ999
MX52,MX52,043,ZZZ999
MX92,MX92,043,ZZZ999
MX93,QA98,000,ZZZ999
MS80,MS80,000,ZZZ999
QA01,QA01,000,ZZZ999
QA10,QA10,000,ZZZ999
QA11,QA11,000,ZZZ999
QA14,QA14,000,ZZZ999
QA20,QA20,000,ZZZ999
QA50,QA50,000,ZZZ999
PA00,PA00,035,COR001
PA37,PA37,036,ZZZ999
PA41,PA41,192,ZZZ999
PA69,PA69,233,ZZZ999
PP18,PP18,227,ZZZ999
RT10,RT10,228,ZZZ999
RT12,RT12,228,ZZZ999
RT13,RT13,228,ZZZ999
RT14,RT14,228,ZZZ999
RT15,RT15,228,ZZZ999
RT17,RT17,228,ZZZ999
XC60,PA00,035,COR002
XP00,XP02,233,ZZZ999
XP02,XP02,233,ZZZ999
DK29,DK29,085,ZZZ999
DQ18,DQ18,106,ZZZ999
DQ20,DQ20,106,ZZZ999
DQ22,DQ22,106,ZZZ999
DQ23,DQ23,244,ZZZ999
DQ24,DQ24,106,ZZZ999
DZ80,DZ80,106,ZZZ999
DZ82,DZ82,106,ZZZ999
DZ83,DZ83,106,ZZZ999
DZ84,DZ84,106,ZZZ999
DZ85,DZ85,106,ZZZ999
DZ86,DZ86,106,ZZZ999
EA00,EA00,106,ZZZ999
EC21,EC21,101,ZZZ999
EF00,EF00,101,ZZZ999
EF23,EF23,101,ZZZ999
EF32,EF32,102,ZZZ999
EF33,EF33,101,ZZZ999
EF90,EF90,244,ZZZ999
EG53,EG53,093,ZZZ999
EH06,EH06,093,ZZZ999
GBHA,GBHA,092,ZZZ999
GCDA,GCDA,085,ZZZ999
GFDA,GFDA,085,ZZZ999
GFFA,GFFA,090,ZZZ999
GFGA,GFGA,095,ZZZ999
GFHA,GFHA,090,ZZZ999
GFPA,GFPA,090,ZZZ999
GIDA,GIDA,088,ZZZ999
GIKA,GIKA,088,ZZZ999
GMHA,GMHA,092,ZZZ999
GOAA,GOAA,101,ZZZ999
GOGA,GOGA,095,ZZZ999
GPHA,GPHA,092,ZZZ999
JA00,JA00,244,ZZZ999
JA10,JA10,091,ZZZ999
JA11,JA11,091,ZZZ999
JA19,JA19,086,ZZZ999
JA30,JA30,244,ZZZ999
JA40,JA40,244,ZZZ999
JA50,JA50,244,ZZZ999
JA60,JA60,244,ZZZ999
JA61,JA61,092,ZZZ999
JA70,JA70,244,ZZZ999
JA71,JA71,092,ZZZ999
JA72,JA70,244,ZZZ999
JA73,JA73,244,ZZZ999
JA80,JA80,244,ZZZ999
JA81,JA81,092,ZZZ999
JB10,JB10,097,ZZZ999
JB11,JB11,096,ZZZ999
JB12,JB12,096,ZZZ999
JB14,JB14,096,ZZZ999
JB15,JB15,096,ZZZ999
JB30,JB30,096,ZZZ999
JB60,JB60,096,ZZZ999
JB72,JB72,098,ZZZ999
JC09,JC09,089,ZZZ999
JC11,JC11,243,ZZZ999
JC12,JC12,243,ZZZ999
JC13,JC13,087,ZZZ999
JC14,JC14,089,ZZZ999
JC16,JC16,089,ZZZ999
JC49,JC49,089,ZZZ999
JC69,JC69,089,ZZZ999
JC99,JC99,089,ZZZ999
JE51,JE51,104,ZZZ999
JE84,JE84,104,ZZZ999
JF31,JF31,093,ZZZ999
JF32,JF32,244,ZZZ999
JF34,JF34,093,ZZZ999
JF60,JF60,093,ZZZ999
JF65,JF65,093,ZZZ999
JF70,JF70,246,ZZZ999
JF80,JF80,246,ZZZ999
JG99,JG99,099,ZZZ999
JH11,JH11,088,ZZZ999
JJ02,JJ02,248,ZZZ999
JJ04,JJ04,248,ZZZ999
JK01,JK01,248,ZZZ999
JK08,JK08,244,ZZZ999
JK09,JK09,244,ZZZ999
JK30,JK30,245,ZZZ999
JK51,JK51,244,ZZZ999
JK53,JK53,106,ZZZ999
JK54,JK54,246,ZZZ999
JK57,JK57,094,ZZZ999
JK71,JK71,246,ZZZ999
JK72,JK72,246,ZZZ999
JK74,JK74,246,ZZZ999
JK77,JK77,094,ZZZ999
JK92,JK92,246,ZZZ999
JK94,JK94,246,ZZZ999
JK96,JK96,108,ZZZ999
JK98,JK98,108,ZZZ999
JK99,JK99,108,ZZZ999
JL10,JL10,248,ZZZ999
JL11,JL11,101,ZZZ999
JL12,JL12,101,ZZZ999
JL13,JL13,101,ZZZ999
JL14,JL14,101,ZZZ999
JL20,JL20,247,ZZZ999
JL30,JL30,245,ZZZ999
JL60,JL60,243,ZZZ999
JL70,JL70,243,ZZZ999
JN02,JN02,246,ZZZ999
JN03,JN03,246,ZZZ999
JN04,JN04,246,ZZZ999
JP10,JW17,090,ZZZ999
JP11,JP11,098,ZZZ999
JP20,JP20,247,ZZZ999
JP21,JP21,247,ZZZ999
JP23,JP23,247,ZZZ999
JR00,JR00,091,ZZZ999
JR10,JR10,091,ZZZ999
JR11,JR11,091,ZZZ999
JR12,JR12,091,ZZZ999
JR19,JR19,086,ZZZ999
JR20,JR20,091,ZZZ999
JR22,JR22,091,ZZZ999
JS02,JL70,243,ZZZ999
JS10,JS10,248,ZZZ999
JV11,JV11,105,ZZZ999
JV20,JV20,105,ZZZ999
JV30,JV30,105,ZZZ999
JV40,JV40,105,ZZZ999
JW06,JW06,244,ZZZ999
JW10,JW10,090,ZZZ999
JW11,JW11,244,ZZZ999
JW13,JW13,090,ZZZ999
JW17,JW17,090,ZZZ999
JW20,JW20,085,ZZZ999
JW21,JW21,085,ZZZ999
JW22,JW22,085,ZZZ999
JW23,JW23,085,ZZZ999
JW24,JW24,085,ZZZ999
JW25,JW25,090,ZZZ999
JW31,JW31,090,ZZZ999
JW40,JW40,244,ZZZ999
JX01,JX01,106,ZZZ999
JX03,JX03,106,ZZZ999
JX06,JX06,244,ZZZ999
JX10,JX10,248,ZZZ999
JX34,JX34,106,ZZZ999
JX38,JX38,106,ZZZ999
JZ05,DS60,153,ZZZ999
MS27,MS27,247,ZZZ999
PQ30,PQ30,244,ZZZ999
PQ33,PQ33,248,ZZZ999
PQ34,PQ34,248,ZZZ999
PQ40,PQ40,248,ZZZ999
PQ45,PQ45,247,ZZZ999
PQ46,PQ46,248,ZZZ999
PQ47,PQ47,244,ZZZ999
PQ48,PQ48,247,ZZZ999
MS21,MS21,082,ZZZ999
MS33,MS33,173,ZZZ999
MS34,MS34,173,ZZZ999
MS35,MS35,173,ZZZ999
MS92,MS92,234,CUL210
PD01,PD01,238,ZZZ999
PL05,PL05,178,ZZZ999
PP02,PP02,234,ZZZ999
PR00,PR00,171,ZZZ999
PR80,PR80,171,ZZZ999
PR85,PR85,171,ZZZ999
PT76,PT76,173,ZZZ999
PT77,PT77,173,ZZZ999
PT79,PT79,173,ZZZ999
PT80,PT80,173,ZZZ999
PT82,PT82,173,ZZZ999
PT83,PT83,173,ZZZ999
PT84,PT84,173,ZZZ999
PT85,PT85,173,ZZZ999
PT86,PT86,173,ZZZ999
PU00,PU00,173,ZZZ999
RA00,RN03,169,CUL001
RA01,RN03,169,CUL002
RB00,RN03,169,CUL003
RC00,RN03,169,CUL004
RC01,RN03,169,CUL005
RD00,RN03,169,CUL006
RD01,RN03,169,CUL007
RD02,RN03,169,CUL008
RD03,RN03,169,CUL009
RD04,RN03,169,CUL010
RE00,RN03,169,CUL011
RE01,RN03,169,CUL012
RE02,RN03,169,CUL013
RE03,RN03,169,CUL014
RE04,RN03,169,CUL015
RF00,RN03,169,CUL016
RF01,RN03,169,CUL017
RF02,RN03,169,CUL018
RF03,RN03,169,CUL019
RG00,RN03,169,CUL020
RG01,RN03,169,CUL021
RG02,RN03,169,CUL022
RG03,RN03,169,CUL023
RG04,RN03,169,CUL024
RG05,RN03,169,CUL025
RH00,RN03,169,CUL026
RH01,RN03,169,CUL027
RH02,RN03,169,CUL028
RJ00,RN03,169,CUL029
RJ01,RN03,169,CUL030
RJ02,RN03,169,CUL031
RJ03,RN03,169,CUL032
RK00,RN03,169,CUL033
RK01,RN03,169,CUL034
RK02,RN03,169,CUL035
RK03,RN03,169,CUL036
RK04,RN03,169,CUL037
RL01,RL06,169,CUL098
RL03,RL06,169,CUL077
RL05,RL06,169,CUL078
RL06,RL06,169,CUL079
RM00,RM00,169,CUL080
RM01,RM00,169,CUL081
RM02,RM00,169,CUL082
RM03,RM00,169,CUL083
RN03,RN03,169,CUL074
RN05,RN05,169,ZZZ999
RN08,RN03,169,CUL075
RN10,RN03,169,CUL076
RN13,RN13,169,ZZZ999
RQ30,RQ30,169,CUL089
RQ32,RQ30,169,CUL090
RQ37,RQ30,169,CUL091
RQ38,RQ30,169,CUL092
RQ40,XY04,169,CUL084
RQ41,RQ30,169,CUL093
RQ63,RQ30,169,CUL094
RQ75,RQ30,169,CUL095
RQ89,RQ30,169,CUL096
RQ98,RQ30,169,CUL097
RZ00,RN03,169,CUL041
RZ01,RN03,169,CUL067
RZ02,RN03,169,CUL057
RZ03,RN03,169,CUL069
RZ04,RN03,169,CUL038
RZ05,RN03,169,CUL039
RZ06,RN03,169,CUL040
RZ07,RN03,169,CUL043
RZ08,RN03,169,CUL044
RZ09,RN03,169,CUL045
RZ10,RN03,169,CUL046
RZ11,RN03,169,CUL047
RZ12,RN03,169,CUL048
RZ13,RN03,169,CUL049
RZ14,RN03,169,CUL050
RZ15,RN03,169,CUL051
RZ16,RN03,169,CUL052
RZ17,RN03,169,CUL053
RZ18,RN03,169,CUL054
RZ19,RN03,169,CUL055
RZ20,RN03,169,CUL056
RZ21,RN03,169,CUL058
RZ22,RN03,169,CUL059
RZ23,RN03,169,CUL060
RZ24,RN03,169,CUL061
RZ25,RN03,169,CUL062
RZ26,RN03,169,CUL063
RZ27,RN03,169,CUL064
RZ28,RN03,169,CUL065
RZ29,RN03,169,CUL066
RZ30,RN03,169,CUL068
RZ31,RN03,169,CUL070
RZ32,RN03,169,CUL071
RZ33,RN03,169,CUL072
RZ34,RN03,169,CUL073
RZ35,RN03,169,CUL042
TG60,TG60,237,CUL212
TG61,TG60,237,CUL213
TG62,TG60,237,CUL214
TP60,MS92,234,CUL211
XA01,XA01,172,ZZZ999
XA02,XA02,172,ZZZ999
XA03,XA03,172,ZZZ999
XA04,XA04,172,ZZZ999
XA05,XA05,172,ZZZ999
XA06,XA06,172,ZZZ999
XA07,XA07,172,ZZZ999
XA20,XA20,173,ZZZ999
XA25,XA25,109,ZZZ999
XJ00,XJ00,170,CUL201
XJ19,XJ00,170,CULXXX?
XJ20,XJ00,170,CUL202
XJ21,XJ00,170,CUL203
XJ22,XJ00,170,CUL204
XJ25,XJ00,170,CUL205
XJ26,XJ00,170,CUL206
XJ28,XJ00,170,CUL207
XJ36,XJ00,170,CUL208
XJ40,XJ00,170,CUL209
XP07,XP07,175,ZZZ999
XY01,XY04,169,CUL085
XY02,XY04,169,CUL086
XY03,XY04,169,CUL087
XY04,XY04,169,CUL088
MS75,MS75,000,ZZZ999
AA00,BP03,135,SCP001
AA01,DI75,129,SCP002
AA10,BP03,135,SCP002
AA20,BP03,135,SCP003
AA30,BP03,135,SCP004
AA50,BP03,135,SCP005
AA51,DI75,129,SCP005
AA60,BP03,135,SCP006
AA61,DI75,129,SCP006
AA70,BP03,135,SCP007
AA80,BP03,135,SCP008
AA81,DI75,129,SCP008
AA90,BP03,135,SCP009
AB00,BP03,135,SCP010
AB30,BP03,135,SCP011
AB31,DI75,129,SCP012
AB51,DI75,129,SCP176
AB61,DI75,129,SCP177
AB71,DI75,129,SCP178
AB80,BP03,135,SCP012
AB90,BP03,135,SCP013
AC00,BP03,135,SCP014
AC01,DI75,129,SCP179
AC11,DI75,129,SCP180
AC31,DI75,129,SCP181
AC40,BP03,135,SCP015
AC41,DI75,129,SCP015
AC50,BP03,135,SCP016
AC60,BP03,135,SCP017
AC61,DI75,129,SCP017
AC70,BP03,135,SCP018
AC71,DI75,129,SCP018
AC81,DI75,129,SCP182
AD00,BP03,135,SCP019
AD10,BP03,135,SCP020
AD21,DI75,129,SCP183
AD40,BP03,135,SCP021
AD41,DI75,129,SCP021
AD50,BP03,135,SCP022
AD51,DI75,129,SCP022
AD60,BP03,135,SCP023
AD71,DI75,129,SCP184
AD80,BP03,135,SCP024
AD91,DI75,129,SCP185
AE00,BP03,135,SCP025
AE01,DI75,129,SCP025
AE11,DI75,129,SCP186
AE20,BP03,135,SCP026
AE30,BP03,135,SCP027
AE31,DI75,129,SCP027
AE41,DI75,129,SCP236
AE50,BP03,135,SCP028
AE51,DI75,129,SCP028
AE61,DI75,129,SCP187
AE71,DI75,129,SCP188
AE81,DI75,129,SCP189
AF00,BP03,135,SCP029
AF10,BP03,135,SCP030
AF20,BP03,135,SCP031
AF21,DI75,129,SCP190
AF30,BP03,135,SCP032
AF40,BP03,135,SCP033
AF51,DI75,129,SCP191
AF60,BP03,135,SCP034
AF70,BP03,135,SCP035
AF81,DI75,129,SCP193
AF90,BP03,135,SCP036
AG01,DI75,129,SCP192
AG10,BP03,135,SCP037
AG11,DI75,129,SCP037
AG20,BP03,135,SCP038
AG30,BP03,135,SCP039
AG50,BP03,135,SCP040
AG51,DI75,129,SCP040
AG60,BP03,135,SCP041
AG61,DI75,129,SCP041
AG70,BP03,135,SCP042
AG81,DI75,129,SCP194
AG90,BP03,135,SCP043
AG91,DI75,129,SCP043
AH01,DI75,129,SCP195
AH11,DI75,129,SCP196
AH20,BP03,135,SCP044
AH30,BP03,135,SCP045
AH40,BP03,135,SCP046
AH41,DI75,129,SCP046
AH51,DI75,129,SCP219
AH60,BP03,135,SCP047
AH61,DI75,129,SCP047
AH70,BP03,135,SCP048
AH81,DI75,129,SCP220
AI00,BP03,135,SCP049
AI01,DI75,129,SCP049
AI20,BP03,135,SCP050
AI21,DI75,129,SCP050
AI31,DI75,129,SCP221
AI40,BP03,135,SCP051
AI50,BP03,135,SCP052
AI51,DI75,129,SCP052
AI60,BP03,135,SCP053
AI70,BP03,135,SCP054
AI81,DI75,129,SCP197
AI90,BP03,135,SCP055
AJ00,BP03,135,SCP056
AJ11,DI75,129,SCP222
AJ20,BP03,135,SCP057
AJ30,BP03,135,SCP058
AJ41,DI75,129,SCP223
AJ51,DI75,129,SCP224
AJ60,BP03,135,SCP059
AJ70,BP03,135,SCP060
AJ71,DI75,129,SCP060
AJ80,BP03,135,SCP061
AJ81,DI75,129,SCP061
AK01,DI75,129,SCP225
AK10,BP03,135,SCP062
AK31,DI75,129,SCP226
AK41,DI75,129,SCP227
AK60,BP03,135,SCP063
AK70,BP03,135,SCP064
AK71,DI75,129,SCP064
AK81,DI75,129,SCP228
AK90,BP03,135,SCP065
AK91,DI75,129,SCP065
AL00,BP03,135,SCP066
AL01,DI75,129,SCP066
AL10,BP03,135,SCP067
AL20,BP03,135,SCP068
AL21,DI75,129,SCP068
AL30,BP03,135,SCP069
AL31,DI75,129,SCP069
AL40,BP03,135,SCP070
AL50,BP03,135,SCP071
AL60,BP03,135,SCP072
AL61,DI75,129,SCP072
AL81,DI75,129,SCP229
AM00,BP03,135,SCP073
AM01,DI75,129,SCP073
AM21,DI75,129,SCP230
AM30,BP03,135,SCP074
AM31,DI75,129,SCP074
AM50,BP03,135,SCP075
AM51,DI75,129,SCP075
AM60,BP03,135,SCP076
AM70,BP03,135,SCP077
AM80,BP03,135,SCP078
AM81,DI75,129,SCP078
AM91,DI75,129,SCP231
AN01,DI75,129,SCP232
AN11,DI75,129,SCP233
AN20,BP03,135,SCP079
AN21,DI75,129,SCP079
AN30,BP03,135,SCP080
AN40,BP03,135,SCP081
AN41,DI75,129,SCP081
AN51,DI75,129,SCP234
AN61,DI75,129,SCP235
AN80,BP03,135,SCP082
AN81,DI75,129,SCP082
AN90,BP03,135,SCP083
AN91,DI75,129,SCP083
AO00,BP03,135,SCP084
AO10,BP03,135,SCP085
AO11,DI75,129,SCP085
AO21,DI75,129,SCP198
AO31,DI75,129,SCP199
AO40,BP03,135,SCP086
AO41,DI75,129,SCP086
AO50,BP03,135,SCP087
AO60,BP03,135,SCP088
AO70,BP03,135,SCP089
AO71,DI75,129,SCP089
AO81,DI75,129,SCP200
AO90,BP03,135,SCP090
AP70,BP03,135,SCP091
AS10,BP03,135,SCP092
BA10,BP03,135,SCP093
BA11,DI75,129,SCP093
BA41,DI75,129,SCP201
BA50,BP03,135,SCP094
BA60,BP03,135,SCP095
BA61,DI75,129,SCP095
BA70,BP03,135,SCP096
BA80,BP03,135,SCP097
BA81,DI75,129,SCP097
BA90,BP03,135,SCP098
BB00,BP03,135,SCP099
BB10,BP03,135,SCP100
BB11,DI75,129,SCP100
BB20,BP03,135,SCP101
BB30,BP03,135,SCP102
BB31,DI75,129,SCP102
BB40,BP03,135,SCP103
BB50,BP03,135,SCP104
BB61,DI75,129,SCP202
BC01,DI75,129,SCP203
BC20,BP03,135,SCP105
BC21,DI75,129,SCP105
BC30,BP03,135,SCP106
BC40,BP03,135,SCP107
BC50,BP03,135,SCP108
BC60,BP03,135,SCP109
BC70,BP03,135,SCP110
BC71,DI75,129,SCP110
BC80,BP03,135,SCP111
BC90,BP03,135,SCP112
BD00,BP03,135,SCP113
BD10,BP03,135,SCP114
BD11,DI75,129,SCP114
BD20,BP03,135,SCP115
BD30,BP03,135,SCP116
BD31,DI75,129,SCP116
BD51,DI75,129,SCP204
BD61,DI75,129,SCP205
BD70,BP03,135,SCP117
BD80,BP03,135,SCP118
BD81,DI75,129,SCP206
BD90,BP03,135,SCP119
BE00,BP03,135,SCP120
BE10,BP03,135,SCP121
BE20,BP03,135,SCP122
BE30,BP03,135,SCP123
BE40,BP03,135,SCP124
BE41,DI75,129,SCP124
BE50,BP03,135,SCP125
BE60,BP03,135,SCP126
BE61,DI75,129,SCP207
BE70,BP03,135,SCP127
BE81,DI75,129,SCP208
BE90,BP03,135,SCP128
BE91,DI75,129,SCP128
BF00,BP03,135,SCP129
BF10,BP03,135,SCP130
BF11,DI75,129,SCP130
BF20,BP03,135,SCP131
BF30,BP03,135,SCP132
BF31,DI75,129,SCP132
BF40,BP03,135,SCP133
BF41,DI75,129,SCP133
BF50,BP03,135,SCP134
BF51,DI75,129,SCP134
BF60,BP03,135,SCP135
BF61,DI75,129,SCP135
BF70,BP03,135,SCP136
BF71,DI75,129,SCP136
BF80,BP03,135,SCP137
BF81,DI75,129,SCP137
BF90,BP03,135,SCP138
BF91,DI75,129,SCP138
BG00,BP03,135,SCP139
BG10,BP03,135,SCP140
BG20,BP03,135,SCP141
BG21,DI75,129,SCP141
BG30,BP03,135,SCP142
BG41,DI75,129,SCP209
BG51,DI75,129,SCP210
BG60,BP03,135,SCP143
BG70,BP03,135,SCP144
BG71,DI75,129,SCP144
BG80,BP03,135,SCP145
BG81,DI75,129,SCP145
BH00,BP03,135,SCP146
BH01,DI75,129,SCP146
BH11,DI75,129,SCP211
BH21,DI75,129,SCP212
BH30,BP03,135,SCP147
BH31,DI75,129,SCP147
BH40,BP03,135,SCP148
BH41,DI75,129,SCP148
BH50,BP03,135,SCP149
BH60,BP03,135,SCP150
BH61,DI75,129,SCP150
BH70,BP03,135,SCP151
BH71,DI75,129,SCP151
BH80,BP03,135,SCP152
BH81,DI75,129,SCP152
BH90,BP03,135,SCP153
BI00,BP03,135,SCP154
BI10,BP03,135,SCP155
BI20,BP03,135,SCP156
BI30,BP03,135,SCP157
BI40,BP03,135,SCP158
BI41,DI75,129,SCP158
BI50,BP03,135,SCP159
BI51,DI75,129,SCP159
BI61,DI75,129,SCP213
BI70,BP03,135,SCP160
BI71,DI75,129,SCP214
BI80,BP03,135,SCP161
BI81,DI75,129,SCP161
BI90,BP03,135,SCP162
BJ01,DI75,129,SCP215
BJ10,BP03,135,SCP163
BJ11,DI75,129,SCP163
BJ21,DI75,129,SCP216
BJ30,BP03,135,SCP164
BJ50,BP03,135,SCP165
BJ60,BP03,135,SCP166
BJ70,BP03,135,SCP167
BJ71,DI75,129,SCP167
BJ90,DI75,129,SCP168
BJ91,DI75,129,SCP217
BL01,DI75,129,SCP218
BM60,BP03,135,SCP169
BM70,BP03,135,SCP170
BM71,DI75,129,SCP170
BM80,BP03,135,SCP171
BM90,BP03,135,SCP172
BM91,DI75,129,SCP172
BN00,BP03,135,SCP173
BN01,DI75,129,SCP173
BN10,BP03,135,SCP174
BN50,BP03,135,SCP175
BP03,BP03,135,ZZZ999
BP04,BP04,135,ZZZ999
BP06,BP06,135,ZZZ999
BP13,BP13,135,ZZZ999
BP14,BP14,135,ZZZ999
BP16,BP16,135,ZZZ999
BP23,BP23,136,ZZZ999
BP24,BP24,136,ZZZ999
BP33,BP33,136,ZZZ999
CA00,BP13,135,SCS001
CA01,DI77,129,SCS001
CA21,DI77,129,SCS039
CA41,DI77,129,SCS020
CA61,DI77,129,SCS038
CA80,BP13,135,SCS002
CA81,DI77,129,SCS002
CB00,BP13,135,SCS003
CB01,DI77,129,SCS037
CB21,DI77,129,SCS021
CB41,DI77,129,SCS021
CB60,BP13,135,SCS004
CB61,DI77,129,SCS004
CB80,BP13,135,SCS005
CB81,DI77,129,SCS005
CC01,DI77,129,SCS022
CC20,BP13,135,SCS006
CC21,DI77,129,SCS006
CC40,BP13,135,SCS007
CC41,DI77,129,SCS007
CC61,DI77,129,SCS023
CC81,DI77,129,SCS024
CD00,BP13,135,SCS008
CD01,DI77,129,SCS008
CD20,BP13,135,SCS009
CD21,DI77,129,SCS009
CD40,BP13,135,SCS010
CD41,DI77,129,SCS010
CD61,DI77,129,SCS025
CD81,DI77,129,SCS026
CE01,DI77,129,SCS027
CE21,DI77,129,SCS028
CE41,DI77,129,SCS029
CE60,BP13,135,SCS011
CE61,DI77,129,SCS011
CE81,DI77,129,SCS030
CF00,BP13,135,SCS012
CF01,DI77,129,SCS012
CF21,DI77,129,SCS040
CF40,BP13,135,SCS013
CF41,DI77,129,SCS013
CF60,BP13,135,SCS014
CF61,DI77,129,SCS014
CF80,BP13,135,SCS015
CF81,DI77,129,SCS015
CG01,DI77,129,SCS031
CG20,BP13,135,SCS016
CG21,DI77,129,SCS016
CG41,DI77,129,SCS032
CG60,BP13,135,SCS017
CG61,DI77,129,SCS017
CG81,DI77,129,SCS033
CH01,DI77,129,SCS034
CH20,BP13,135,SCS018
CH21,DI77,129,SCS018
CH41,DI77,129,SCS035
CH61,DI77,129,SCS036
CH80,BP13,135,SCS019
CI00,CI00,129,ZZZ999
CI03,CI03,129,ZZZ999
CI06,CI06,129,ZZZ999
CJ10,CJ10,136,ZZZ999
CK00,CK00,136,ZZZ999
CK01,DI86,129,SSP014
CM00,CM00,136,ZZZ999
CP00,CP00,136,ZZZ999
CP01,DI86,129,SSP013
CQ00,CQ00,136,ZZZ999
CR00,CR00,136,ZZZ999
CS00,CS00,136,ZZZ999
CS01,DI86,129,SSP004
CT00,JP14,118,ZZZ999
CV01,DI86,129,SSP001
CW00,CW00,136,ZZZ999
CW01,DI86,129,SSP005
CX00,CX00,136,ZZZ999
CY00,CY00,136,ZZZ999
CZ01,DI86,129,SSP002
DA00,DA00,135,ZZZ999
DA02,DA02,135,ZZZ999
DA04,DA04,135,ZZZ999
DA05,DA05,135,ZZZ999
DA06,DA06,135,ZZZ999
DA07,DA07,135,ZZZ999
DA42,DA42,135,ZZZ999
DA63,DA63,135,ZZZ999
DB04,DB04,135,ZZZ999
DB08,DB08,135,ZZZ999
DB10,BP03,135,SCP026
DB14,DB14,135,ZZZ999
DB19,DB19,135,ZZZ999
DB23,DB23,135,ZZZ999
DB24,DB24,135,ZZZ999
DB40,DB40,135,ZZZ999
DB50,DB50,135,ZZZ999
DB51,DB51,135,ZZZ999
DB63,DB63,135,ZZZ999
DB65,DB65,135,ZZZ999
DC01,DC01,252,ZZZ999
DD01,DD01,252,ZZZ999
DD21,DD21,252,ZZZ999
DD41,DD41,252,ZZZ999
DD61,DD61,252,ZZZ999
DE00,DE00,116,ZZZ999
DE02,DE02,154,ZZZ999
DE03,DE03,154,ZZZ999
DE04,DE04,154,ZZZ999
DE08,DE08,117,ZZZ999
DE10,DE10,116,ZZZ999
DE12,DE12,135,ZZZ999
DE20,JK65,141,ZZZ999
DE21,DE21,137,ZZZ999
DE24,DE24,140,ZZZ999
DE38,DE38,129,ZZZ999
DE39,DE39,134,ZZZ999
DE40,DE40,134,ZZZ999
DE44,DE44,114,ZZZ999
DE93,DE93,151,ZZZ999
DF01,DF01,113,ZZZ999
DF04,DF04,114,ZZZ999
DF17,DF17,140,ZZZ999
DF34,DF34,118,ZZZ999
DF48,DF48,139,ZZZ999
DF49,DF49,135,ZZZ999
DF52,DF52,126,ZZZ999
DF61,DF61,113,ZZZ999
DF62,DF62,113,ZZZ999
DF63,DF63,153,ZZZ999
DF65,DF65,113,ZZZ999
DF66,DF66,113,ZZZ999
DF67,DF67,113,ZZZ999
DF68,DF68,128,ZZZ999
DF69,DF69,113,ZZZ999
DF82,DF82,158,ZZZ999
DF92,DF92,251,ZZZ999
DF93,DF93,113,ZZZ999
DG10,DG10,142,ZZZ999
DG50,DG50,118,ZZZ999
DG57,DG57,148,ZZZ999
DG61,DG61,123,ZZZ999
DI30,DI30,250,ZZZ999
DI32,DI32,153,ZZZ999
DI34,DI34,142,ZZZ999
DI39,DI39,153,ZZZ999
DI43,DI43,149,ZZZ999
DI44,DI44,153,ZZZ999
DI54,DI54,148,ZZZ999
DI59,DI59,159,ZZZ999
DI60,DI60,114,ZZZ999
DI68,DI68,153,ZZZ999
DI75,DI75,129,ZZZ999
DI76,DI76,152,ZZZ999
DI77,DI77,129,ZZZ999
DI78,DI78,153,ZZZ999
DI86,DI86,129,ZZZ999
DI90,DI90,135,ZZZ999
DJ00,DJ00,129,ZZZ999
DJ01,DJ01,129,ZZZ999
DJ02,DJ02,129,ZZZ999
DJ03,DJ03,129,ZZZ999
DJ04,DJ04,129,ZZZ999
DJ06,DJ06,146,ZZZ999
DJ20,DJ20,129,ZZZ999
DJ23,DJ23,124,ZZZ999
DJ27,DJ27,124,ZZZ999
DK02,DK02,129,ZZZ999
DK08,DK08,154,ZZZ999
DK25,DK25,118,ZZZ999
DK52,DK52,136,ZZZ999
DK56,DK56,135,ZZZ999
DK90,DK90,118,ZZZ999
DK96,DK96,118,ZZZ999
DL04,DL04,140,ZZZ999
DL20,DL20,140,ZZZ999
DL45,DL45,142,ZZZ999
DL47,DL47,139,ZZZ999
DL48,DL48,118,ZZZ999
DL52,DL52,253,ZZZ999
DL53,DL53,249,ZZZ999
DL70,DL70,147,ZZZ999
DL75,DL75,147,ZZZ999
DL78,DL78,136,ZZZ999
DL80,DL80,135,ZZZ999
DM05,DM05,117,ZZZ999
DP03,DP03,140,ZZZ999
DP12,DP12,143,ZZZ999
DP14,DP14,143,ZZZ999
DP16,DP16,114,ZZZ999
DP17,DP17,140,ZZZ999
DP18,DP18,147,ZZZ999
DP19,DP19,143,ZZZ999
DP22,DP22,143,ZZZ999
DP23,DP23,143,ZZZ999
DP24,DP24,145,ZZZ999
DP25,DP25,145,ZZZ999
DP28,DP28,117,ZZZ999
DP30,DP30,117,ZZZ999
DP31,DP31,118,ZZZ999
DP32,DP32,119,ZZZ999
DP33,DP33,146,ZZZ999
DP34,DP34,136,ZZZ999
DP36,DP36,147,ZZZ999
DP38,DP38,146,ZZZ999
DP39,DP39,136,ZZZ999
DP43,DP43,146,ZZZ999
DP62,DP62,144,ZZZ999
DP63,DP63,143,ZZZ999
DQ11,DQ11,250,ZZZ999
DQ21,DQ21,139,ZZZ999
DQ30,DQ30,156,ZZZ999
DQ32,DQ32,156,ZZZ999
DQ34,DQ34,156,ZZZ999
DQ45,DQ45,158,ZZZ999
DQ68,DQ68,158,ZZZ999
DQ70,DQ70,158,ZZZ999
DQ96,DQ96,156,ZZZ999
DR10,DR10,121,ZZZ999
DR21,DR21,122,ZZZ999
DR23,DR23,122,ZZZ999
DR24,DR24,122,ZZZ999
DR26,DR26,123,ZZZ999
DR27,DR26,123,SSP006
DR28,DR26,123,SSP007
DR29,DR26,123,SSP008
DR30,DR26,123,SSP004
DR31,DR26,123,SSP009
DR32,DR26,123,SSP005
DR33,DR26,123,SSP010
DR34,DR26,123,SSP011
DR41,DR26,123,SSP012
DR43,DR26,123,SSP107
DR44,DR26,123,SSP108
DR45,DR26,123,SSP109
DR47,DR47,123,ZZZ999
DR48,DR26,123,SSP110
DR49,DR26,123,SSP111
DR50,DR26,123,SSP112
DR51,DR26,123,SSP113
DR52,DR26,123,SSP114
DR56,DR26,123,SSP014
DR57,DR26,123,SSP013
DR63,DR63,150,ZZZ999
DR64,DR63,150,SSP101
DR65,DR63,150,SSP102
DR66,DR63,150,SSP103
DR67,DR63,150,SSP104
DR68,DR63,150,SSP105
DR71,DR63,150,SSP106
DR72,DR72,123,ZZZ999
DR77,DR77,123,ZZZ999
DR86,DR86,122,ZZZ999
DS00,DS00,126,ZZZ999
DS02,DS02,126,ZZZ999
DS05,DS05,151,ZZZ999
DS06,DS06,126,ZZZ999
DS10,DS10,126,ZZZ999
DS11,DS10,126,SSP010
DS12,DS10,126,SSP007
DS13,DS10,126,SSP013
DS14,DS10,126,SSP014
DS15,DS10,126,SSP001
DS17,DS10,126,SSP012
DS18,DS10,126,SSP008
DS19,DS10,126,SSP006
DS20,DS10,126,SSP005
DS21,DS10,126,SSP004
DS22,DS10,126,SSP011
DS23,DS10,126,SSP015
DS51,DS51,140,ZZZ999
DS52,DS52,140,ZZZ999
DS60,DS60,153,ZZZ999
DS63,DS63,155,ZZZ999
DT02,DT02,116,ZZZ999
DT05,DT05,154,ZZZ999
DX05,DX05,117,ZZZ999
DZ00,DZ00,125,ZZZ999
EF91,EF91,119,ZZZ999
FA99,FA99,133,ZZZ999
HA06,HA06,135,ZZZ999
HA22,HA22,135,ZZZ999
HA34,HA34,135,ZZZ999
HA37,HA37,135,ZZZ999
HA38,HA38,135,ZZZ999
HA39,HA39,135,ZZZ999
HA44,HA44,135,ZZZ999
HA45,HA45,135,ZZZ999
HA51,HA51,135,ZZZ999
HA53,HA53,135,ZZZ999
HA54,HA54,135,ZZZ999
HA99,HA99,135,ZZZ999
JG11,JG11,249,ZZZ999
JG91,JG91,129,ZZZ999
JG93,JG93,118,ZZZ999
JJ81,JJ81,142,ZZZ999
JJ82,JJ82,142,ZZZ999
JK25,JK25,118,ZZZ999
JK55,JK55,119,ZZZ999
JK65,JK65,141,ZZZ999
JL69,JL69,140,ZZZ999
JL99,JL99,136,ZZZ999
JP14,JP14,118,ZZZ999
JS21,JS21,116,ZZZ999
JS22,JS22,118,ZZZ999
JS23,JS23,119,ZZZ999
JS25,JS25,250,ZZZ999
JS26,JS26,142,ZZZ999
JS27,JS27,138,ZZZ999
JS28,JS28,139,ZZZ999
JX11,JX11,138,ZZZ999
JX12,JX12,142,ZZZ999
LK15,LK15,073,ZZZ999
PL70,PL70,225,ZZZ999
PL71,PL71,225,ZZZ999
TG83,TG83,117,ZZZ999
PT00,PT00,183,ZZZ999
PT07,PT07,183,ZZZ999
PT17,PT17,183,ZZZ999
PW77,PW77,183,ZZZ999
PZ33,PZ33,183,ZZZ999
TD11,TD11,183,ZZZ999
WA01,WA01,182,ZZZ999
WA02,WA01,182,ZZZ999
WA03,WA03,181,ZZZ999
WA04,WA04,181,ZZZ999
WA06,WA06,182,ZZZ999
WA08,WA08,181,ZZZ999
WA11,WA11,180,ZZZ999
WA12,WA12,180,ZZZ999
WB05,WB05,181,ZZZ999
WB06,WB06,180,ZZZ999
WB07,WB07,181,ZZZ999
WB20,WB20,181,ZZZ999
WB31,WB31,180,ZZZ999
WB33,WB33,181,ZZZ999
WB40,WB49,180,LA0001
WB41,WB49,180,LA0002
WB42,WB49,180,LA0003
WB43,WB49,180,LA0004
WB44,WB44,181,ZZZ999
WB45,WB49,180,LA0006
WB46,WB49,180,LA0007
WB49,WB49,180,LA0008
WB50,WB50,181,ZZZ999
WB51,WB51,181,ZZZ999
WB71,WB71,181,ZZZ999
WB84,WB84,181,ZZZ999
WE52,WE52,181,ZZZ999
WH73,WH73,182,ZZZ999
WH74,WH74,182,ZZZ999
WH91,WH91,182,ZZZ999
WP01,WP01,180,ZZZ999
WV01,WV01,180,ZZZ999
WV02,WV02,181,ZZZ999
WV05,WV05,180,ZZZ999
WV07,WV07,180,ZZZ999
XE00,XE00,176,ZZZ999
XE05,XE05,176,ZZZ999
XE10,XE10,176,ZZZ999
XE34,XE34,176,ZZZ999
XE40,XE40,176,ZZZ999
XE41,XE41,176,ZZZ999
XE60,XE60,176,ZZZ999
XH50,XH50,183,ZZZ999
PZ70,PZ70,209,ZZZ999
TA03,TA03,236,ZZZ999
TE01,TE01,239,ZZZ999
TG21,TG21,239,ZZZ999
TG23,TG23,239,ZZZ999
TG24,TG24,239,ZZZ999
TG25,TG25,239,ZZZ999
TG26,TG26,239,ZZZ999
TG44,TG44,239,ZZZ999
TG48,TG48,239,ZZZ999
TG80,TG80,239,ZZZ999
TG81,TG81,239,ZZZ999
TG84,TG84,239,ZZZ999
TJ33,TJ33,240,ZZZ999
PA14,PA14,191,ZZZ999
PA23,PA23,235,ZZZ999
PA38,PA38,191,ZZZ999
PB00,PB00,222,ZZZ999
PB01,PB01,222,ZZZ999
PB02,PB02,222,ZZZ999
PB03,PB03,222,ZZZ999
PB04,PB04,222,ZZZ999
PB05,PB05,222,ZZZ999
PB06,PB06,222,ZZZ999
PB07,PB07,222,ZZZ999
PB08,PB08,222,ZZZ999
PB09,PB09,222,ZZZ999
PB10,PB10,222,ZZZ999
PB11,PB11,222,ZZZ999
PB12,PB12,254,ZZZ999
PB17,PF00,189,ZZZ999
PC01,PC01,222,ZZZ999
PC08,PC08,223,ZZZ999
PC11,PC11,222,ZZZ999
PC42,PC42,222,ZZZ999
PC47,PC47,222,ZZZ999
PC48,PC48,222,ZZZ999
PC56,PC56,222,ZZZ999
PC81,PC81,222,ZZZ999
PC82,PC82,222,ZZZ999
PD15,PD15,190,ZZZ999
PD21,PD21,191,COR010
PD24,PD21,191,COR011
PE92,PE92,222,COR012
PE93,PE92,222,COR013
PE94,PE92,222,COR014
PF00,PF00,189,COR015
PF06,PF06,223,ZZZ999
PF08,PF00,189,COR016
PF09,PF09,222,ZZZ999
PF12,PF12,189,ZZZ999
PF13,PF00,189,COR017
PF33,PF00,189,COR018
PK06,PF00,189,ZZZ999
PK67,PK67,194,ZZZ999
PQ11,PQ11,194,ZZZ999
PQ15,PQ15,193,ZZZ999
PQ16,PQ16,194,ZZZ999
PQ78,PQ78,194,ZZZ999
TT01,TT01,193,COR006
TT02,TT01,193,COR007
TT03,TT01,193,COR008
TT04,TT01,193,COR009
XK22,XK22,195,ZZZ999
TK62,TK62,162,ZZZ999
TK70,TK70,162,ZZZ999
TK73,TK73,162,ZZZ999
VA05,VA05,164,ZZZ999
VA30,VA30,163,ZZZ999
VE04,VE04,167,ZZZ999
VE05,VE05,167,ZZZ999
VE11,VE11,164,ZZZ999
VE23,VE23,164,ZZZ999
VE24,VE24,164,ZZZ999
VE40,VE40,164,ZZZ999
VE41,VE41,164,ZZZ999
VE42,VE42,164,ZZZ999
VE43,VE43,164,ZZZ999
VE56,VE56,164,ZZZ999
VE70,VE70,167,ZZZ999
VF00,VF00,161,ZZZ999
VF01,VF01,161,ZZZ999
VF02,VF02,161,ZZZ999
VF03,VF03,161,ZZZ999
VF04,VF04,161,ZZZ999
VH03,VH03,161,ZZZ999
VH05,VH05,161,ZZZ999
VH07,VH07,163,ZZZ999
VH11,VH11,161,ZZZ999
VH18,VH18,161,ZZZ999
VH19,VH19,161,ZZZ999
VH21,VH21,161,ZZZ999
VH23,VH23,162,ZZZ999
VH24,VH24,162,ZZZ999
VO01,VO01,162,ZZZ999
VO04,VO04,161,ZZZ999
VO06,VO06,162,ZZZ999
VO07,VO07,162,ZZZ999
VO08,VO08,162,ZZZ999
VO11,VO11,162,ZZZ999
VO15,VO15,162,ZZZ999
VO30,VO30,168,ZZZ999
VO31,VO31,168,ZZZ999
VO32,VO32,162,ZZZ999
VO72,VO72,162,ZZZ999
VO75,VO75,162,ZZZ999
VO90,VO90,162,ZZZ999
VO95,VO95,166,ZZZ999
VO97,VO97,166,ZZZ999
VP02,VP02,161,ZZZ999
VS07,VS07,167,ZZZ999
VS10,VS10,167,ZZZ999
VS33,VS33,167,ZZZ999
VS34,VS34,167,ZZZ999
VS36,VS36,167,ZZZ999
VS40,VS40,161,ZZZ999
VS57,VS57,161,ZZZ999
VS59,VS59,167,ZZZ999
VS60,VS60,168,ZZZ999
VS66,VS66,167,ZZZ999
VS68,VS68,165,ZZZ999
VS69,VS69,161,ZZZ999
VS70,VS70,161,ZZZ999
VS71,VS71,161,ZZZ999
VS73,VS73,167,ZZZ999
VS74,VS74,165,ZZZ999
VS75,VS75,162,ZZZ999
VT22,VT22,167,ZZZ999
VT24,VT24,163,ZZZ999
VT25,VT25,163,ZZZ999
VT26,VT26,163,ZZZ999
VT28,VT28,163,ZZZ999
VT31,VT31,163,ZZZ999
VT33,VT33,163,ZZZ999
VT36,VT36,163,ZZZ999
VT38,VT38,163,ZZZ999
VT41,VT41,163,ZZZ999
VT61,VT61,163,ZZZ999
VX40,VX40,167,FIR004
VX41,VX41,167,FIR005
VX42,VX42,167,FIR006
VX43,VX43,167,FIR007
VX44,VX44,167,FIR008
VX45,VX45,167,FIR009
VX46,VX46,167,FIR010
VX47,VX47,167,FIR001
VX48,VX48,167,FIR012
VX49,VX49,167,FIR013
VX50,VX50,167,FIR014
VX51,VX51,167,FIR015
VX52,VX52,167,FIR016
VX53,VX53,167,FIR017
VX54,VX54,167,FIR018
VX55,VX55,167,FIR019
VX56,VX56,167,FIR020
VX57,VX57,167,FIR021
VX58,VX58,167,FIR022
VX59,VX59,167,FIR002
VX60,VX60,167,FIR024
VX61,VX61,167,FIR025
VX62,VX62,167,FIR026
VX63,VX63,167,FIR027
VX64,VX64,167,FIR028
VP01,VP01,000,ZZZ999
VP03,VP03,000,ZZZ999
VP04,VP04,000,ZZZ999
VP05,VP05,000,ZZZ999
PE90,PE90,199,ZZZ999
TA01,TA01,209,ZZZ999
TC28,TC28,209,ZZZ999
TD10,TD10,186,ZZZ999
TD12,TD12,186,ZZZ999
TD13,TD13,186,ZZZ999
TD14,TD14,186,ZZZ999
TD15,TD15,186,ZZZ999
TD16,TD16,186,ZZZ999
TD17,TD17,186,ZZZ999
TD18,TD18,186,ZZZ999
TD21,TD21,186,ZZZ999
TD33,TD33,186,ZZZ999
TD50,TD50,186,ZZZ999
TD51,TD51,186,ZZZ999
TE11,TE11,184,ZZZ999
TH50,TH50,184,ZZZ999
TH51,TH51,184,ZZZ999
TJ01,TJ01,184,ZZZ999
TJ10,TJ10,184,ZZZ999
TJ18,TJ18,184,ZZZ999
TJ27,TJ27,184,ZZZ999
TJ65,TJ65,184,ZZZ999
TK01,TK01,209,ZZZ999
TK32,TK32,206,ZZZ999
TK37,TK37,206,ZZZ999
TK43,TK43,199,ZZZ999
TK44,TK44,199,ZZZ999
TK45,TK45,199,ZZZ999
TK46,TK46,199,ZZZ999
TK48,TK48,199,ZZZ999
TK50,TK50,206,ZZZ999
TK51,TK51,206,ZZZ999
TK60,TK60,206,ZZZ999
TK69,TK69,206,ZZZ999
TK75,TK75,205,ZZZ999
TK78,TK78,204,ZZZ999
TK88,TK88,206,ZZZ999
TL30,TL30,208,HWP001
TL31,TL31,208,HWP001
TL32,TL32,208,HWP001
TL33,TL33,208,HWP001
TL34,TL34,208,HWP001
TL35,TL35,208,HWP001
TL36,TL36,208,HWP001
TL37,TL37,208,HWP001
TL38,TL38,081,ZZZ999
TM01,TM01,205,ZZZ999
TM02,TM02,205,ZZZ999
TM05,TM05,205,ZZZ999
TM09,TM09,205,ZZZ999
TM14,TM14,205,ZZZ999
TM15,TM15,205,ZZZ999
TM46,TM46,205,ZZZ999
TM49,TM49,205,ZZZ999
TN99,TN99,205,ZZZ999
TP01,TP01,199,ZZZ999
TP11,TP11,199,ZZZ999
TP21,TP21,202,ZZZ999
TP31,TP31,199,ZZZ999
TP41,TP41,199,ZZZ999
TP43,TP43,199,ZZZ999
TP51,TP51,209,ZZZ999
TP52,TP52,199,ZZZ999
TR01,TR01,209,ZZZ999
TU05,TU05,200,ZZZ999
TU10,TU10,201,ZZZ999
TU60,TU60,200,ZZZ999
TW20,TW20,206,ZZZ999
TW21,TW21,206,ZZZ999
TW31,TW31,203,ZZZ999
TW70,TW70,207,ZZZ999
MU06,MU06,226,ZZZ999
MU08,MU08,226,ZZZ999
PA05,PA05,037,ZZZ999
PA29,PA29,226,ZZZ999
PP03,PP03,226,ZZZ999
PP04,PP04,226,ZZZ999
PP05,PP05,226,ZZZ999
PP09,PP09,226,ZZZ999
PP10,PP10,226,ZZZ999
PP11,PP11,226,ZZZ999
PP12,PP12,226,ZZZ999
PP15,PP15,226,ZZZ999
PP16,PP16,226,ZZZ999
PP17,PP17,226,ZZZ999
PP28,PP28,226,ZZZ999
PP29,PP29,226,ZZZ999
PP33,PP33,226,ZZZ999
PP34,PP34,226,ZZZ999
PP35,PP35,226,ZZZ999
PP36,PP36,226,ZZZ999
PP37,PP37,226,ZZZ999
PP45,PP45,226,ZZZ999
PJ00,PJ00,229,ZZZ999
PJ01,PJ00,229,ZZZ999
PJ03,PJ03,229,ZZZ999
PJ20,PJ20,229,ZZZ999
PJ25,PJ00,229,ZZZ999
PJ92,PJ92,229,ZZZ999
PK02,PK02,230,ZZZ999
PK18,PK18,230,ZZZ999
PK40,PK40,230,ZZZ999
PK41,PK41,230,ZZZ999
PK63,PK63,230,ZZZ999
PK68,PK68,230,ZZZ999
PK92,PK92,230,ZZZ999
PL25,PL25,231,ZZZ999
PM00,PM00,232,ZZZ999
PM79,PM79,232,ZZZ999
PM80,PM80,232,ZZZ999
PQ20,PQ20,196,ZZZ999
PQ23,PQ20,196,ZZZ999
PQ24,PQ20,196,ZZZ999
PT78,PT78,177,ZZZ999
PQ98,PQ98,187,ZZZ999
PT28,PT28,242,ZZZ999
XG00,XG00,038,ZZZ999
XG01,XG01,084,ZZZ999
XG02,XG02,112,ZZZ999
XG03,XG03,179,ZZZ999
XG04,XG04,188,ZZZ999
XG05,XG05,198,ZZZ999
XG06,XG06,034,ZZZ999
XG07,XG07,160,ZZZ999
XG08,XG08,221,ZZZ999
XG60,XG60,241,ZZZ999
XG61,XG61,241,ZZZ999
XG62,XG62,241,ZZZ999
XG63,XG63,241,ZZZ999
XG64,XG64,241,ZZZ999
XG65,XG65,241,ZZZ999
XG66,XG66,241,ZZZ999
XG67,XG67,241,ZZZ999
XG68,XG68,241,ZZZ999
XG69,XG69,000,ZZZ999
XG70,XG70,241,ZZZ999
XG80,XG80,242,ZZZ999
XG81,XG81,242,ZZZ999
XG82,XG82,242,ZZZ999
XG83,XG83,242,ZZZ999
XG84,XG84,242,ZZZ999
XG85,XG85,242,ZZZ999
XG86,XG86,242,ZZZ999
XG87,XG87,242,ZZZ999
XI00,XI00,026,ZZZ999
XI01,XI01,032,ZZZ999
XI05,XI05,027,ZZZ999
XI07,XI07,032,ZZZ999
XI08,XI08,016,ZZZ999
XI09,XI09,031,ZZZ999
XI10,XI10,013,ZZZ999
XI11,XI11,013,ZZZ999
XI12,XI12,013,ZZZ999
XI13,XI13,013,ZZZ999
XI14,XI14,013,ZZZ999
XI15,XI15,013,ZZZ999
XI16,XI16,013,ZZZ999
XI17,XI17,013,ZZZ999
XI18,XI18,021,ZZZ999
XI19,XI19,024,ZZZ999
XI20,XI20,019,ZZZ999
XI21,XI21,019,ZZZ999
XI22,XI22,019,ZZZ999
XI23,XI23,019,ZZZ999
XI24,XI24,019,ZZZ999
XI25,XI25,019,ZZZ999
XI26,XI26,019,ZZZ999
XI30,XI30,018,ZZZ999
XI31,XI31,018,ZZZ999
XI32,XI32,018,ZZZ999
XI33,XI33,018,ZZZ999
XI34,XI34,018,ZZZ999
XI35,XI35,018,ZZZ999
XI36,XI36,018,ZZZ999
XI39,XI39,020,ZZZ999
XI40,XI40,020,ZZZ999
XI41,XI41,020,ZZZ999
XI42,XI42,020,ZZZ999
XI43,XI43,020,ZZZ999
XI44,XI44,020,ZZZ999
XI45,XI45,020,ZZZ999
XI46,XI46,023,ZZZ999
XI52,XI52,017,ZZZ999
XI53,XI53,032,ZZZ999
XI54,XI54,014,ZZZ999
XI55,XI55,015,ZZZ999
XI56,XI56,022,ZZZ999
XI57,XI57,022,ZZZ999
XI58,XI58,032,ZZZ999
XK00,XK00,005,ZZZ999
XK01,XK01,005,ZZZ999
XK02,XK02,005,ZZZ999
XK05,XK05,033,ZZZ999
XK09,XK09,033,ZZZ999
XK10,XK10,033,ZZZ999
XK11,XK11,033,ZZZ999
XK12,XK12,033,ZZZ999
XK13,XK13,002,ZZZ999
XK14,XK14,242,ZZZ999
XK15,XK15,033,ZZZ999
XK16,XK16,242,ZZZ999
XK17,XK17,242,ZZZ999
XK18,XK18,242,ZZZ999
XK19,XK19,242,ZZZ999
XK20,XK20,001,ZZZ999
XK21,XK21,001,ZZZ999
XK24,XK24,028,ZZZ999
XK25,XK25,006,ZZZ999
XK29,XK29,009,ZZZ999
XK30,XK30,003,ZZZ999
XK37,XK37,004,ZZZ999
XK31,XK31,029,ZZZ999
XK32,XK32,033,ZZZ999
XK41,XK41,007,ZZZ999
XK40,XK40,008,ZZZ999
XK42,XK42,030,ZZZ999
XK46,XK46,242,ZZZ999
XK47,XK47,242,ZZZ999
XK48,XK48,242,ZZZ999
XK54,XK54,033,ZZZ999
XK57,XK57,242,ZZZ999
XK60,XK60,010,ZZZ999
XK68,XK68,011,ZZZ999
XK62,XK62,012,ZZZ999
XK64,XK64,242,ZZZ999
XK67,XK67,033,ZZZ999
XK81,XK81,242,ZZZ999
XK82,XK82,242,ZZZ999
XK83,XK83,242,ZZZ999
XK84,XK84,242,ZZZ999
XK85,XK85,242,ZZZ999
XK86,XK86,242,ZZZ999
XK87,XK87,242,ZZZ999
XK88,XK88,242,ZZZ999
XK89,XK89,242,ZZZ999
XK90,XK90,242,ZZZ999
XL00,XL00,242,ZZZ999
XL20,XL20,242,ZZZ999
XL30,XL30,242,ZZZ999
XL40,XL40,242,ZZZ999
XL41,XL41,242,ZZZ999
XL42,XL42,242,ZZZ999
ED18,ED18,000,PAY048
ED30,ED18,000,PAY049
ED32,ED18,000,PAY050
ED33,ED18,000,PAY051
ED34,ED18,000,PAY052
ED43,ED18,000,PAY053
ED50,ED18,000,PAY054
ED83,ED18,000,PAY055
EG58,ED18,000,PAY056
EG62,ED18,000,PAY057
EG65,ED18,000,PAY058
EG67,ED18,000,PAY059
EH26,ED18,000,PAY060
PE21,PE19,000,PAY001
PE23,PE19,000,PAY002
PE24,PE19,000,PAY003
PE26,PE19,000,PAY004
PE27,PE19,000,PAY005
PE28,PE19,000,PAY006
PE29,PE19,000,PAY007
PE40,PE19,000,PAY008
PE41,PE19,000,PAY009
PE43,PE19,000,PAY010
PE44,PE19,000,PAY011
PE46,PE19,000,PAY012
PE47,PE19,000,PAY013
PE50,PE19,000,PAY014
PE51,PE19,000,PAY015
PE52,PE19,000,PAY016
PE54,PE19,000,PAY017
PE55,PE19,000,PAY018
PE57,PE19,000,PAY019
PE59,PE19,000,PAY020
PE60,PE19,000,PAY021
PE63,PE19,000,PAY022
PE64,PE19,000,PAY023
PE65,PE19,000,PAY024
PE66,PE19,000,PAY025
PE68,PE19,000,PAY026
PE70,PE19,000,PAY027
PE71,PE19,000,PAY028
PE73,PE19,000,PAY029
PE74,PE19,000,PAY030
PE75,PE19,000,PAY031
PE77,PE19,000,PAY032
PE78,PE19,000,PAY033
PE79,PE19,000,PAY034
PE80,PE19,000,PAY035
PE81,PE19,000,PAY036
PE82,PE19,000,PAY037
PE83,PE19,000,PAY038
PE84,PE19,000,PAY039
PE85,PE19,000,PAY040
PE86,PE19,000,PAY041
PE87,PE19,000,PAY042
PE88,PE19,000,PAY043
PE95,PE19,000,PAY044
PE96,PE19,000,PAY045
PE97,PE19,000,PAY046
PE98,PE19,000,PAY047
NA01,NA01,000,PEN006
NA02,NA02,000,PEN010
NA03,NA03,000,PEN028
NA04,NA04,000,ZZZ999
NA05,NA05,000,PEN028
NA06,NA06,000,PEN028
NA08,NA08,000,PEN028
NA10,NA10,000,ZZZ999
NA11,NA11,000,ZZZ999
NA12,NA12,000,PEN016
NA13,NA13,000,PEN016
NA14,NA14,000,ZZZ999
NA15,NA15,000,PEN017
NA16,NA16,000,PEN028
NA17,NA17,000,PEN028
NA18,NA18,000,ZZZ999
NA19,NA19,000,ZZZ999
NA20,NA20,000,ZZZ999
NA21,NC21,000,ZZZ999
NA22,NA22,000,ZZZ999
NA23,NA23,000,ZZZ999
NA24,NA24,000,ZZZ999
NA25,NA25,000,PEN026
NA26,NA26,000,ZZZ999
NA27,NA27,000,ZZZ999
NA28,NA28,000,ZZZ999
NA29,NA29,000,ZZZ999
NA30,NA30,000,ZZZ999
NA31,NA31,000,ZZZ999
NA32,NA32,000,ZZZ999
NA33,NA33,000,ZZZ999
NA34,NA34,000,ZZZ999
NA35,NA35,000,PEN028
NA36,NA36,000,PEN008
NA37,NA37,000,PEN028
NA38,NA38,000,PEN010
NA39,NA39,000,PEN028
NA40,NA40,000,ZZZ999
NA41,NA41,000,ZZZ999
NA42,NA42,000,ZZZ999
NA43,NA43,000,PEN028
NA44,NA44,000,ZZZ999
NA45,NA45,000,ZZZ999
NA46,NA46,000,ZZZ999
NA47,NA47,000,PEN001
NA48,NA48,000,PEN028
NA49,NA49,000,ZZZ999
NA50,NA50,000,PEN028
NA51,NA51,000,PEN016
NA52,NA52,000,ZZZ999
NA53,NA53,000,PEN028
NA54,NA54,000,PEN028
NA55,NA55,000,PEN028
NA56,NA56,000,ZZZ999
NA57,NA57,000,PEN011
NA58,NA58,000,PEN011
NA59,NA59,000,PEN028
NA60,NA60,000,PEN028
NA61,NA61,000,PEN019
NA62,NA62,000,PEN028
NA64,NA64,000,PEN028
NA65,NA65,000,PEN028
NA66,NA66,000,PEN028
NA67,NA67,000,PEN028
NA68,NA68,000,PEN028
NA69,NA69,000,PEN028
NA70,NA70,000,PEN028
NA71,NA71,000,PEN001
NA73,NA73,000,ZZZ999
NA74,NA74,000,PEN011
NA75,NA75,000,PEN028
NA76,NA76,000,PEN028
NA77,NA77,000,PEN028
NA78,NA78,000,PEN028
NA79,NA79,000,ZZZ999
NA87,NA87,000,PEN028
NA89,NA89,000,PEN010
NA92,NA92,000,ZZZ999
NA93,NA93,000,ZZZ999
NA94,NA94,000,PEN028
NA95,NA95,000,PEN028
NA96,NA96,000,PEN028
NA97,NA97,000,PEN021
NA98,NA98,000,PEN021
NA99,NA99,000,PEN021
NB01,NB01,000,ZZZ999
NB02,NB02,000,PEN028
NB03,NB03,000,PEN010
NB04,NB04,000,PEN010
NB05,NB05,000,PEN028
NB06,NB06,000,PEN001
NB07,NB07,000,PEN010
NB08,NB08,000,PEN028
NB09,NB09,000,PEN006
NB10,NB10,000,PEN001
NB11,NB11,000,PEN010
NB12,NB12,000,ZZZ999
NB13,NB13,000,ZZZ999
NB14,NB14,000,PEN028
NB15,NB15,000,ZZZ999
NB16,NB16,000,PEN010
NB17,NB17,000,PEN028
NB18,NB18,000,PEN010
NB19,NB19,000,ZZZ999
NB20,NB20,000,ZZZ999
NB21,NB21,000,ZZZ999
NB22,NB22,000,PEN010
NB23,NB23,000,PEN011
NB40,NB40,000,PEN001
NE01,NE01,000,ZZZ999
NE02,NE02,000,ZZZ999
NE03,NE03,000,ZZZ999
NE04,NE04,000,ZZZ999
NE05,NE05,000,ZZZ999
NE06,NE06,000,ZZZ999
NE07,NE07,000,ZZZ999
NE08,NE08,000,ZZZ999
NK01,NK01,000,ZZZ999
NK02,NK02,000,ZZZ999
NK03,NK03,000,ZZZ999
NL01,NL01,000,ZZZ999
NL02,NL02,000,PEN020
NL03,NL03,000,ZZZ999
NL04,NL04,000,ZZZ999
NL05,NL05,000,ZZZ999
NL06,NL06,000,PEN005
NL07,NL07,000,PEN005
NL08,NL08,000,ZZZ999
NL09,NL09,000,ZZZ999
NL10,NL10,000,PEN025
NL11,NL11,000,ZZZ999
NL12,NL12,000,ZZZ999
NL13,NL13,000,PEN020
NL14,NL14,000,ZZZ999
NL15,NL15,000,PEN014
NL16,NL16,000,PEN008
NL17,NL17,000,PEN008
NL18,NL18,000,PEN020
NL19,NL19,000,ZZZ999
NL20,NL20,000,PEN014
NL21,NL21,000,ZZZ999
NL22,NL22,000,ZZZ999
NL23,NL23,000,PEN002
NL24,NL24,000,PEN014
NL25,NL25,000,ZZZ999
NL26,NL26,000,PEN012
NL27,NL27,000,ZZZ999
NL28,NL28,000,ZZZ999
NL29,NL29,000,ZZZ999
NL30,NL30,000,ZZZ999
NL31,NL31,000,ZZZ999
NL32,NL32,000,PEN020
NL33,NL33,000,ZZZ999
NL34,NL34,000,PEN024
NL35,NL35,000,PEN024
NL36,NL36,000,ZZZ999
NL37,NL37,000,PEN024
NL38,NL38,000,PEN024
NL39,NL39,000,ZZZ999
NL40,NL40,000,PEN003
NL41,NL41,000,PEN008
NL42,NL42,000,PEN005
NL43,NL43,000,PEN012
NL44,NL44,000,PEN018
NL45,NL45,000,PEN024
NL46,NL46,000,ZZZ999
NL47,NL47,000,ZZZ999
NL48,NL48,000,PEN020
NL49,NL49,000,PEN015
NL50,NL50,000,PEN020
NL51,NL51,000,PEN015
NL52,NL52,000,PEN018
NL53,NL53,000,PEN024
NL54,NL54,000,PEN022
NL55,NL55,000,PEN004
NL56,NL56,000,PEN004
NL57,NL57,000,ZZZ999
NL58,NL58,000,PEN020
NL59,NL59,000,ZZZ999
NL60,NL60,000,ZZZ999
NL61,NL61,000,ZZZ999
NL62,NL62,000,PEN003
NL63,NL63,000,PEN015
NL64,NL64,000,PEN004
NL65,NL65,000,ZZZ999
NL66,NL66,000,ZZZ999
NL67,NL67,000,PEN002
NL68,NL68,000,PEN027
NL69,NL69,000,ZZZ999
NL70,NL70,000,PEN003
NL71,NL71,000,ZZZ999
NN01,NB50,000,ZZZ999
NN12,NC01,000,ZZZ999
NN13,NC02,000,ZZZ999
NN14,NB51,000,ZZZ999
NN20,NB52,000,ZZZ999
NN31,NC03,000,ZZZ999
NP05,NP05,000,ZZZ999
NP10,NP10,000,ZZZ999
NP13,NP13,000,ZZZ999
NP31,NP31,000,ZZZ999
NP37,NP37,000,ZZZ999
NP49,NP49,000,ZZZ999
NP50,NP50,000,ZZZ999
NP53,NP53,000,ZZZ999
NP54,NP54,000,ZZZ999
NP56,NP56,000,ZZZ999
NP57,NP57,000,ZZZ999
NP58,NP58,000,ZZZ999
NP60,NP60,000,ZZZ999
NP66,NP66,000,ZZZ999
NP67,NP67,000,ZZZ999
NP68,NP68,000,ZZZ999
NP69,NP69,000,ZZZ999
NP70,NP70,000,ZZZ999
NP72,NP72,000,ZZZ999
NP73,NP73,000,ZZZ999
NP74,NP74,000,ZZZ999
NP75,NP75,000,ZZZ999
NP76,NP76,000,ZZZ999
NP77,NP77,000,ZZZ999
NP78,NP78,000,ZZZ999
NP79,NP79,000,ZZZ999
NP80,NP80,000,ZZZ999
NP81,NP81,000,ZZZ999
NP82,NP82,000,ZZZ999
NP83,NP83,000,ZZZ999
NP84,NP84,000,ZZZ999
NP85,NP85,000,ZZZ999
NP86,NP86,000,ZZZ999
NP87,NP87,000,ZZZ999
NR01,NR01,000,PEN023
NR02,NR02,000,PEN023
NR03,NR03,000,PEN023
NR04,NR04,000,PEN023
NR05,NR05,000,PEN023
NR06,NR06,000,PEN023
NR07,NR07,000,PEN023
NR08,NR08,000,PEN023
NR09,NR09,000,PEN023
NR10,NR10,000,PEN023
NR11,NR11,000,PEN023
NR12,NR12,000,PEN023
NR13,NR13,000,PEN023
NR14,NR14,000,PEN023
NR15,NR15,000,PEN023
NR16,NR16,000,PEN023
NR17,NR17,000,PEN023
NR18,NR18,000,PEN023
NR19,NR19,000,PEN023
NR20,NR20,000,PEN023
NR21,NR21,000,PEN023
NR22,NR22,000,PEN023
NR23,NR23,000,PEN023
NR24,NR24,000,PEN023
NR25,NR25,000,PEN023
NR26,NR26,000,PEN023
NR27,NR27,000,PEN023
NR28,NR28,000,PEN023
NR29,NR29,000,PEN023
NR30,NR30,000,PEN023
NR31,NR31,000,PEN023
NR32,NR32,000,PEN023
NR33,NR33,000,PEN023
NR34,NR34,000,PEN023
NR35,NR35,000,PEN023
NS01,NS01,000,ZZZ999
NS02,NQ02,000,PEN023
NS03,NS03,000,PEN001
NS04,NQ04,000,PEN023
NS05,NQ05,000,PEN023
NS06,NQ06,000,PEN023
NS07,NQ07,000,PEN023
NS08,NQ08,000,PEN023
NS09,NQ09,000,PEN023
NS10,NQ10,000,PEN023
NS11,NQ11,000,PEN023
NS12,NQ12,000,PEN023
NS13,NS13,000,PEN028
NS14,NQ14,000,PEN023
NS15,NQ15,000,PEN023
NS16,NQ16,000,PEN023
NS17,NQ17,000,PEN023
NS18,NS18,000,ZZZ999
NS19,NS19,000,ZZZ999
NS20,NS20,000,ZZZ999
NS21,NS21,000,PEN006
NS22,NS22,000,ZZZ999
NS23,NS23,000,PEN011
NS24,NQ24,000,PEN023
NS25,NQ25,000,PEN023
NS26,NQ26,000,PEN023
NS27,NQ27,000,PEN023
NS28,ND28,000,ZZZ999
NS29,NQ29,000,PEN023
NS30,NQ30,000,PEN023
NS31,NQ31,000,PEN023
NS32,NQ32,000,PEN023
NS33,ND33,000,ZZZ999
NS34,NS34,000,ZZZ999
NS35,ND35,000,ZZZ999
NS36,ND36,000,PEN020
NS37,ND37,000,ZZZ999
NS38,ND38,000,PEN022
NS39,NQ39,000,PEN023
NS40,NQ40,000,PEN023
NS42,NS42,000,ZZZ999
NS43,ND43,000,PEN025
NS44,ND44,000,PEN022
NS45,NQ45,000,PEN023
NS46,NS46,000,PEN007
NS47,ND47,000,ZZZ999
NS48,NS48,000,ZZZ999
NS50,NQ50,000,PEN023
NS51,NQ51,000,PEN023
NS52,NQ52,000,PEN023
NS54,ND54,000,PEN027
NS55,NS55,000,PEN013
NS58,NS58,000,ZZZ999
NS59,ND59,000,PEN025
NS60,NQ60,000,PEN023
NS61,NS61,000,PEN017
NS62,NQ62,000,PEN023
NS63,NQ63,000,PEN023
NS64,NQ64,000,PEN023
NS65,ND65,000,ZZZ999
NS66,ND66,000,PEN025
NS67,ND67,000,PEN027
NS68,ND68,000,ZZZ999
NS69,NQ69,000,PEN023
NS70,NQ70,000,PEN023
NS71,NQ71,000,PEN023
NS72,NQ72,000,PEN023
NS73,NS73,000,PEN019
NS74,NQ74,000,PEN023
NS75,NQ75,000,PEN023
NS76,NS76,000,PEN019
NS80,NS80,000,PEN009
NS81,NS81,000,PEN028
NS82,NS82,000,PEN026
NS83,NS83,000,ZZZ999
NS84,NS84,000,ZZZ999
NS85,NS85,000,ZZZ999
NS88,ND88,000,ZZZ999
NS90,NS90,000,PEN007
NS91,NS91,000,PEN007
NS92,NS92,000,ZZZ999
NS93,NS93,000,PEN007
NS94,NS94,000,ZZZ999
NS95,NS95,000,PEN013
NS96,NS96,000,PEN007
NS97,NQ97,000,PEN023
NS98,NS98,000,PEN007
NS99,NQ99,000,PEN023
NT01,NT01,000,ZZZ999
NV01,NV01,000,ZZZ999
NV12,NV12,000,ZZZ999
NV14,NV14,000,ZZZ999
NV20,NV20,000,ZZZ999
NV21,NV21,000,ZZZ999
NV22,NV22,000,ZZZ999
NV32,NV32,000,ZZZ999
NV33,NV33,000,ZZZ999
NV35,NV35,000,ZZZ999
NV36,NV36,000,ZZZ999
NV43,NV43,000,ZZZ999
NV46,NV46,000,ZZZ999
NV58,NV58,000,ZZZ999
NV59,NV59,000,ZZZ999
NV61,NV61,000,ZZZ999
NV65,NV65,000,ZZZ999
NV67,NV67,000,ZZZ999
NV69,NV69,000,ZZZ999
NV76,NV76,000,ZZZ999
NV80,NV80,000,ZZZ999
NV99,NV99,000,ZZZ999
NW33,NW33,000,ZZZ999
NW59,NW59,000,ZZZ999
NB24,NB24,000,ZZZ999
NL72,NL72,000,ZZZ999
NP88,NP88,000,ZZZ999
NP89,NP89,000,ZZZ999
NP91,NP91,000,ZZZ999
NP92,NP92,000,ZZZ999
NV10,NV10,000,ZZZ999
NW22,NW22,000,ZZZ999
DE15,DE15,224,ZZZ999
DE84,DE84,153,ZZZ999
DR06,DR06,127,ZZZ999
DS50,DS50,224,ZZZ999
DV01,DV01,197,ZZZ999
DV05,DV05,197,ZZZ999
DV11,DV11,197,ZZZ999
DV12,DV12,197,ZZZ999
DV16,DV16,197,ZZZ999
DV17,DV17,197,ZZZ999
DV26,DV26,197,ZZZ999
DV37,DV37,197,ZZZ999
DV43,DV43,197,ZZZ999
DV44,DV44,197,ZZZ999
DV49,DV49,197,ZZZ999
DV54,DV54,197,ZZZ999
DV57,DV57,197,ZZZ999
DV66,DV66,197,ZZZ999
DV68,DV68,197,ZZZ999
DV70,DV70,197,ZZZ999
FF02,FF02,197,ZZZ999
FF04,FF04,197,ZZZ999
FF08,FF08,197,ZZZ999
FF12,FF12,197,ZZZ999
FF13,FF13,197,ZZZ999
PD00,PD00,197,ZZZ999
PL11,PL11,224,ZZZ999
PL18,PL18,224,ZZZ999
PT01,PT01,197,ZZZ999
PT05,PT05,197,ZZZ999
PT08,PT08,197,ZZZ999
PT10,PT10,224,ZZZ999
PT13,PT13,224,ZZZ999
PT14,PT14,197,ZZZ999
PT15,PT15,197,ZZZ999
PT20,PT20,197,ZZZ999
PT22,PT22,197,ZZZ999
PT24,PT24,224,ZZZ999
PT25,PT25,224,ZZZ999
PT30,PT30,224,ZZZ999
PW01,PW01,197,ZZZ999
PW66,PW66,197,ZZZ999
PW69,PW69,197,ZZZ999
PW94,PW94,224,ZZZ999
PW96,PW96,224,ZZZ999
PW97,PW97,224,ZZZ999
PX09,PX09,197,ZZZ999
KD24,KD24,217,AS0001
KE09,KE09,217,ZZZ999
KE18,KE18,217,ZZZ999
KE28,KE28,217,ZZZ999
KN24,KN24,217,AS0001
KN44,KN24,217,AS0003
KN54,KN24,217,AS0003
KN64,KN24,217,AS0001
KN74,KN24,217,AS0001
KN84,KN24,217,AS0001
KN94,KN24,217,AS0002
KR24,KR24,217,AS0001
KR44,KR24,217,AS0003
KR54,KR24,217,AS0003
KR64,KR24,217,AS0001
KR74,KR24,217,AS0001
KR84,KR24,217,AS0001
KR94,KR24,217,AS0002
LD24,LD24,217,AS0001
LG13,LG13,218,ZZZ999
LG15,LG15,216,ZZZ999
LN24,LN24,217,AS0001
LR24,LR24,217,AS0001
LR44,LR24,217,AS0003
LR74,LR24,217,AS0001
ME31,MR00,211,ZZZ999
MR00,MR00,211,ZZZ999
MR01,MR01,213,ZZZ999
MR10,MR10,215,ZZZ999
MR11,MR11,214,COR003
MR16,MR16,215,ZZZ999
MR18,MR18,211,ZZZ999
MR28,MR28,215,ZZZ999
MR29,MR29,107,ZZZ999
MR41,MR41,216,ZZZ999
MR42,MR42,213,ZZZ999
MR48,MR48,212,ZZZ999
MR60,MR60,215,ZZZ999
MR70,MR70,215,ZZZ999
MR72,MR72,215,ZZZ999
MR73,MR73,215,ZZZ999
MR76,MR76,219,ZZZ999
GFUA,GFUA,090,ZZZ999
JF21,JF21,244,ZZZ999
JF22,JF22,244,ZZZ999
JF33,JF33,244,ZZZ999
JF69,JF69,089,ZZZ999
JL09,JL09,248,ZZZ999
JN05,JN05,245,ZZZ999
JN06,JN06,245,ZZZ999
JN09,JN09,245,ZZZ999
JN11,JN11,246,ZZZ999
JN15,JN15,246,ZZZ999
JN16,JN16,246,ZZZ999
JN19,JN19,246,ZZZ999
JN25,JN25,246,ZZZ999
JN26,JN26,246,ZZZ999
JN29,JN29,246,ZZZ999
JN35,JN35,246,ZZZ999
JN36,JN36,246,ZZZ999
JN39,JN39,246,ZZZ999
JP22,JP22,247,ZZZ999
JP51,JP51,247,ZZZ999
JR13,JR13,091,ZZZ999
JW12,JW12,090,ZZZ999
DE26,DE26,119,ZZZ999
DQ01,DQ01,154,ZZZ999
JK27,JK27,118,ZZZ999
JL90,JL90,248,ZZZ999
JP19,JP19,247,ZZZ999
JX05,JX05,118,ZZZ999
MS01,MS01,080,ZZZ999
MS36,MS36,173,ZZZ999
PC30,PC30,223,ZZZ999
PC32,PC32,223,ZZZ999
PC33,PC33,223,ZZZ999
PC34,PC34,223,ZZZ999
PC35,PC35,223,ZZZ999
PC36,PC36,223,ZZZ999
PT29,PT29,183,ZZZ999
TD22,TD22,186,ZZZ999
VF05,VF05,161,ZZZ999
VH04,VH04,161,ZZZ999
VS35,VS35,167,ZZZ999
VT66,VT66,163,ZZZ999
PP46,PP46,226,ZZZ999
PP47,PP47,226,ZZZ999
PP48,PP48,226,ZZZ999
JK23,JK23,118,ZZZ999
DP10,DP10,117,ZZZ999
MS94,MS94,080,ZZZ999
AE10,BP03,135,SCP186
DB09,DB09,135,ZZZ999
DB31,DB31,135,ZZZ999
EC11,EC21,101,ZZZ999
KG33,KG83,062,AS0002
WH93,WA01,182,ZZZ999
AB01,DI75,129,SCP010
AM71,DI75,129,SCP077
DX04,DX04,117,ZZZ999
KD73,KD83,062,AS0001
MA62,KA62,052,AS0001
PC31,PC31,223,ZZZ999
PC37,PC37,223,ZZZ999
TG46,TG46,239,ZZZ999
TG82,TG82,239,ZZZ999
VT20,VT20,163,ZZZ999
VS76,VS76,165,ZZZ999
VS30,VS30,167,ZZZ999
VE39,VE39,164,ZZZ999
VO33,VO33,162,ZZZ999
PZ11,PZ11,183,ZZZ999
XA16,XA16,172,ZZZ999
XA17,XA17,172,ZZZ999
MS37,MS37,173,ZZZ999
MS38,MS38,173,ZZZ999
XA08,XA08,173,ZZZ999
TA05,TA05,236,ZZZ999
TP50,TP50,255,ZZZ999
JK97,JK97,094,ZZZ999
GICA,GICA,088,ZZZ999
JR02,JR02,091,ZZZ999
DZ66,DZ66,106,ZZZ999
DQ17,DQ17,106,ZZZ999
JR39,JR39,086,ZZZ999
RL07,RL06,169,CUL099
XJ41,XJ00,170,CUL215
XI27,XI27,024,ZZZ999
JX02,JX02,142,ZZZ999
DE05,DE05,119,ZZZ999
DP01,DP01,117,ZZZ999
KN04,KN24,217,AS0002
KN14,KN24,217,ZZZ999
LN04,LN24,217,AS0002
LN14,LN24,217,ZZZ999
KR04,KR24,217,AS0002
KR14,KR24,217,ZZZ999
LR04,LR24,217,AS0002
LR14,LR24,217,ZZZ999
KN34,KN24,217,AS0002
LN34,LN24,217,AS0002
KR34,KR24,217,AS0002
LR34,LR24,217,AS0002
LN44,LN24,217,AS0003
LN54,LN24,217,AS0003
LR54,LR24,217,AS0003
LN64,LN24,217,AS0001
LR64,LR24,217,AS0001
LN74,LN24,217,AS0001
LN84,LN24,217,AS0001
LR84,LR24,217,AS0001
LN94,LN24,217,AS0002
LR94,LR24,217,AS0002
KA02,KA62,052,AS0002
KA03,KA83,062,AS0002
KA11,KA91,047,ZZZ999
KA12,KA62,052,ZZZ999
KA21,KA91,047,ZZZ999
KA22,KA62,052,ZZZ999
KA23,KA83,062,ZZZ999
KD02,KD72,052,AS0002
KD03,KD83,062,AS0002
KD11,KD91,047,ZZZ999
KD12,KD72,052,ZZZ999
KD13,KD83,062,ZZZ999
KD21,KD91,047,ZZZ999
KD23,KD83,062,ZZZ999
KG02,KG62,053,AS0002
KG11,KG91,048,ZZZ999
KG12,KG62,053,ZZZ999
KG13,KG83,062,ZZZ999
KG21,KG91,048,ZZZ999
LA02,LA62,052,AS0002
LA03,LA91,041,AS0002
LA11,LA91,041,ZZZ999
LA12,LA62,052,ZZZ999
LA13,LA91,041,ZZZ999
LA21,LA91,041,ZZZ999
LA22,LA62,052,ZZZ999
LA23,LA91,041,ZZZ999
LD02,LD72,052,AS0002
LD11,LD91,041,ZZZ999
LD12,LD72,052,ZZZ999
LD13,LD91,041,ZZZ999
LD21,LD91,041,ZZZ999
LD22,LD72,052,ZZZ999
LD23,LD91,041,ZZZ999
LG02,LG62,053,AS0002
LG03,LG91,042,AS0002
LG11,LG91,042,ZZZ999
LG12,LG62,053,ZZZ999
LG21,LG91,042,ZZZ999
LG22,LG62,053,ZZZ999
LG23,LG91,042,ZZZ999
KI02,KI62,053,AS0002
KI11,KI91,048,ZZZ999
KI12,KI62,053,ZZZ999
KI13,KI83,063,ZZZ999
KI22,KI62,053,ZZZ999
KI23,KI83,063,ZZZ999
LI02,LI62,053,AS0002
LI11,LI91,042,ZZZ999
LI12,LI62,053,ZZZ999
LI13,LI91,042,ZZZ999
LI21,LI91,042,ZZZ999
LI22,LI62,053,ZZZ999
LI23,LI91,042,ZZZ999
KL11,KL91,047,ZZZ999
KL12,KL62,052,ZZZ999
KL13,KL83,062,ZZZ999
KL21,KL91,047,ZZZ999
KL23,KL83,062,ZZZ999
LL11,LL91,041,ZZZ999
LL12,LL62,052,ZZZ999
LL13,LL91,041,ZZZ999
LL21,LL91,041,ZZZ999
LL22,LL62,052,ZZZ999
LL23,LL91,041,ZZZ999
KN02,KN62,050,AS0002
KN11,KN91,045,ZZZ999
KN12,KN62,050,ZZZ999
KN13,KN83,060,ZZZ999
KN21,KN91,045,ZZZ999
KN22,KN62,050,ZZZ999
KN23,KN83,060,ZZZ999
LN02,LN62,050,AS0002
LN11,LN91,039,ZZZ999
LN12,LN62,050,ZZZ999
LN13,LN91,039,ZZZ999
LN21,LN91,039,ZZZ999
LN22,LN62,050,ZZZ999
LN23,LN91,039,ZZZ999
KR11,KR91,046,ZZZ999
KR21,KR91,046,ZZZ999
KR23,KR83,061,ZZZ999
LR02,LR62,051,AS0002
LR11,LR91,040,ZZZ999
LR21,LR91,040,ZZZ999
LR22,LR62,051,ZZZ999
LR23,LR91,040,ZZZ999
KA32,KA62,052,AS0002
KD32,KD72,052,AS0002
KG32,KG62,053,AS0002
LA32,LA62,052,AS0002
LD32,LD72,052,AS0002
LG32,LG62,053,AS0002
KI32,KI62,053,AS0002
LI32,LI62,053,AS0002
LL32,LL62,052,AS0002
KN32,KN62,050,AS0002
LN32,LN62,050,AS0002
KR32,KR62,051,AS0002
LR32,LR62,051,AS0002
KD33,KD83,062,AS0002
LG33,LG91,042,AS0002
KA42,KA62,052,AS0003
KG42,KG62,053,AS0003
LA42,LA62,052,AS0003
LD42,LD72,052,AS0003
LG42,LG62,053,AS0003
LI42,LI62,053,AS0003
KN42,KN62,050,AS0003
LN42,LN62,050,AS0003
KD43,KD83,062,AS0003
KG43,KG83,062,AS0003
LA52,LA62,052,AS0003
LG52,LG62,053,AS0003
LI52,LI62,053,AS0003
KG53,KG83,062,AS0003
KD61,KD91,047,AS0001
LA62,LA62,052,AS0001
LD62,LD72,052,AS0001
LG63,LG91,042,AS0001
LA72,LA62,052,AS0001
LG72,LG62,053,AS0001
KA73,KA83,062,AS0001
KD81,KD91,047,AS0001
KA82,KA62,052,AS0001
KD82,KD72,052,AS0001
KG82,KG62,053,AS0001
LA82,LA62,052,AS0001
LD82,LD72,052,AS0001
LG82,LG62,053,AS0001
KI82,KI62,053,AS0001
LI82,LI62,053,AS0001
KN82,KN62,050,AS0001
LN82,LN62,050,AS0001
KR82,KR62,051,AS0001
LR82,LR62,051,AS0001
LG83,LG91,042,AS0001
LA92,LA62,052,AS0002
LG92,LG62,053,AS0002
LG93,LG91,042,AS0002
KD55,KD83,062,AS0003
TK11,TK44,199,ZZZ999
VT34,VT31,163,ZZZ999
MP28,MP29,070,ZZZ999
DB18,DP18,147,ZZZ999
BB21,BP03,135,SCP101
DB54,BP13,135,SCS014
GFMA,GFMA,090,ZZZ999
NB25,NB25,000,ZZZ999
NB26,NB26,000,ZZZ999
NB27,NB27,000,ZZZ999
NB28,NB28,000,ZZZ999
NB29,NB29,000,ZZZ999
NB30,NB30,000,ZZZ999
NL73,NL73,000,ZZZ999
NL74,NL74,000,ZZZ999
NL75,NL75,000,ZZZ999
NL76,NL76,000,ZZZ999
NL77,NL77,000,ZZZ999
NL78,NL78,000,ZZZ999
NL79,NL79,000,ZZZ999
NR36,NR36,000,ZZZ999
NR37,NR37,000,ZZZ999
NR38,NR38,000,ZZZ999
NR39,NR39,000,ZZZ999
NW43,NW43,000,ZZZ999
DF98,DF68,128,ZZZ999
DI92,KI62,053,AS0002
EF31,EF32,102,ZZZ999
EH03,DQ22,106,ZZZ999
PF04,PF00,189,ZZZ999
PF26,PF00,189,ZZZ999
PJ35,PJ00,229,ZZZ999
VS02,VX48,167,FIR012
PQ22,PQ20,196,ZZZ999
PR35,PR85,171,ZZZ999
PR55,PR85,171,ZZZ999
RN04,RN03,169,CUL074
PJ69,XE60,176,ZZZ999
XF02,LP95,044,ZZZ999
DP26,DR26,123,ZZZ999
